group,label,entry_fill,exit_fill,slippage_pct,trades_generated,unfilled_signals,trades_taken,trades_skipped,cagr,sharpe,max_dd,total_return,win_rate,avg_loss,profit_factor,start,end,cagr_2016-2020,sharpe_2016-2020,cagr_2021+,sharpe_2021+
scenario,baseline,signal_close,close_at_level,0.0005,15189,0,642,14547,21.97,1.013,-34.9,560.91,38.94,-6.781,1.46,2016-10-25,2026-04-29,15.27,0.815,27.51,1.151
scenario,next_open,next_open,close_at_level,0.0005,15396,7,708,14688,16.35,0.786,-32.46,321.74,37.99,-6.608,1.286,2016-10-26,2026-04-29,13.11,0.704,18.95,0.846
scenario,gap_exit,signal_close,intraday,0.0005,16832,0,957,15875,13.21,0.665,-53.02,225.23,35.42,-6.918,1.18,2016-10-25,2026-04-29,-1.81,0.018,26.6,1.11
scenario,realistic,next_open,intraday,0.0005,17025,6,1108,15917,-14.1,-0.488,-84.02,-76.43,28.79,-6.79,0.891,2016-10-26,2026-04-29,-6.67,-0.195,-19.52,-0.685
verdict,realistic @ 0.15% slippage per side,next_open,intraday,0.0015,17025,6,1084,15941,-17.78,-0.654,-89.17,-84.44,28.69,-7.005,0.853,2016-10-26,2026-04-29,-12.27,-0.46,-21.86,-0.787
sweep,baseline @ 0.05%,,,0.0005,15189,0,642,14547,21.97,1.013,-34.9,560.91,38.94,-6.781,1.46,2016-10-25,2026-04-29,15.27,0.815,27.51,1.151
sweep,baseline @ 0.10%,,,0.001,15189,0,647,14542,23.74,1.065,-32.6,658.03,40.03,-6.81,1.493,2016-10-25,2026-04-29,16.67,0.859,29.6,1.209
sweep,baseline @ 0.15%,,,0.0015,15189,0,618,14571,19.89,0.954,-32.93,461.16,39.81,-6.869,1.422,2016-10-25,2026-04-29,24.2,1.19,16.61,0.793
sweep,baseline @ 0.25%,,,0.0025,15189,0,612,14577,16.65,0.825,-35.13,332.42,39.87,-7.098,1.357,2016-10-25,2026-04-29,21.45,1.075,13.01,0.654
sweep,baseline @ 0.50%,,,0.005,15189,0,627,14562,5.51,0.357,-42.84,66.5,38.44,-7.678,1.133,2016-10-25,2026-04-29,12.04,0.654,0.65,0.144
sweep,realistic @ 0.05%,,,0.0005,17025,6,1108,15917,-14.1,-0.488,-84.02,-76.43,28.79,-6.79,0.891,2016-10-26,2026-04-29,-6.67,-0.195,-19.52,-0.685
sweep,realistic @ 0.10%,,,0.001,17025,6,1098,15927,-15.16,-0.536,-85.86,-79.06,29.05,-6.898,0.881,2016-10-26,2026-04-29,-10.85,-0.392,-18.41,-0.636
sweep,realistic @ 0.15%,,,0.0015,17025,6,1084,15941,-17.78,-0.654,-89.17,-84.44,28.69,-7.005,0.853,2016-10-26,2026-04-29,-12.27,-0.46,-21.86,-0.787
sweep,realistic @ 0.25%,,,0.0025,17025,6,1100,15925,-22.88,-0.902,-92.32,-91.54,28.09,-7.217,0.8,2016-10-26,2026-04-29,-19.44,-0.831,-25.47,-0.953
sweep,realistic @ 0.50%,,,0.005,17025,6,1116,15909,-27.6,-1.121,-95.82,-95.36,29.39,-7.721,0.766,2016-10-26,2026-04-29,-27.0,-1.218,-28.07,-1.06
survivorship,seasoned cohort,,,0.0015,16706,0,1106,15600,-11.41,-0.37,-76.28,-68.39,30.2,-6.917,0.92,2016-10-26,2026-04-29,-9.79,-0.338,-12.66,-0.393
survivorship,later-listed cohort,,,0.0015,319,0,300,19,5.04,0.358,-29.5,54.51,33.33,-7.158,1.193,2017-02-02,2025-12-08,10.81,0.573,0.69,0.12
survivorship,causal liquidity >= Rs 25 cr,,,0.0015,5214,0,866,4348,6.6,0.43,-33.73,83.59,35.33,-5.344,1.143,2016-10-26,2026-04-29,5.92,0.432,7.14,0.434
breadth,realistic + breadth gate @ 0.15% slippage per side,,,0.0015,15236,9,1036,14200,-10.66,-0.352,-72.74,-65.77,30.79,-6.867,0.911,2016-10-26,2026-04-29,-3.7,-0.067,-15.78,-0.541
