signal_date,ticker,signal_type,direction,entry_price,sl,tp,rr,score,sector,status,exit_price,exit_date,exit_reason,pnl_pct,days_held,qual_score,qual_tier
2026-05-13 00:00:00,ADANIENSOL.NS,PB-L,LONG,1318.2,1220.79,1545.49,2.33,7,Utilities,TP_HIT,1545.49,2026-05-27,TP,17.24,14.0,,
2026-05-13 00:00:00,CUMMINSIND.NS,PB-L,LONG,5212.0,5016.22,5668.81,2.33,7,Capital Goods,TP_HIT,5668.81,2026-05-27,TP,8.76,14.0,,
2026-05-13 00:00:00,GOLDIAM.NS,PB-L,LONG,390.2,359.12,462.72,2.33,7,Consumer Cyclical,TP_HIT,462.72,2026-06-12,TP,18.59,30.0,,
2026-05-13 00:00:00,JSWSTEEL.NS,PB-L,LONG,1274.9,1233.23,1372.14,2.33,7,Metals & Mining,EXPIRED,1274.3,2026-06-16,EXPIRED,-0.05,34.0,,
2026-05-13 00:00:00,MANAKALUCO.NS,PB-L,LONG,35.69,32.45,43.26,2.34,7,Basic Materials,TP_HIT,43.26,2026-06-10,TP,21.21,28.0,,
2026-05-13 00:00:00,NTPCGREEN.NS,PB-L,LONG,111.25,105.44,124.81,2.33,7,Utilities,SL_HIT,105.44,2026-05-18,SL,-5.22,5.0,,
2026-05-13 00:00:00,BALRAMCHIN.NS,BO-L,LONG,548.9,521.32,613.26,2.33,5,Agri & Fertilizers,SL_HIT,521.32,2026-05-14,SL,-5.02,1.0,,
2026-05-13 00:00:00,CONFIPET.NS,BO-L,LONG,62.54,56.7,76.16,2.33,5,Energy,TP_HIT,76.16,2026-06-03,TP,21.78,21.0,,
2026-05-13 00:00:00,DIVISLAB.NS,BO-L,LONG,6796.0,6590.0,7276.66,2.33,5,Pharma - Large Cap,SL_HIT,6590.0,2026-05-29,SL,-3.03,16.0,,
2026-05-13 00:00:00,HINDCOPPER.NS,BO-L,LONG,595.3,563.12,670.4,2.33,5,Metals & Mining,SL_HIT,563.12,2026-05-20,SL,-5.41,7.0,,
2026-05-13 00:00:00,LAKPRE.NS,BO-L,LONG,6.36,5.89,7.47,2.36,5,Industrials,SL_HIT,5.89,2026-05-22,SL,-7.39,9.0,,
2026-05-13 00:00:00,MEGASTAR.NS,BO-L,LONG,314.05,293.34,362.38,2.33,5,Consumer Defensive,SL_HIT,293.34,2026-05-25,SL,-6.59,12.0,,
2026-05-13 00:00:00,PANACHE.NS,BO-L,LONG,379.45,347.35,454.36,2.33,5,Technology,SL_HIT,347.35,2026-05-18,SL,-8.46,5.0,,
2026-05-13 00:00:00,SAIL.NS,BO-L,LONG,201.31,191.4,224.43,2.33,5,Metals & Mining,SL_HIT,191.4,2026-05-18,SL,-4.92,5.0,,
2026-05-13 00:00:00,TATASTEEL.NS,BASE-BO,LONG,219.62,212.46,236.32,2.33,5,Metals & Mining,SL_HIT,212.46,2026-05-18,SL,-3.26,5.0,,
2026-05-13 00:00:00,HINDZINC.NS,BO-L,LONG,667.1,637.86,735.33,2.33,4,Basic Materials,SL_HIT,637.86,2026-05-15,SL,-4.38,2.0,,
2026-05-14 00:00:00,HIRECT.NS,PB-L,LONG,909.65,839.65,1072.98,2.33,7,Industrials,SL_HIT,839.65,2026-05-18,SL,-7.7,4.0,,
2026-05-14 00:00:00,PAISALO.NS,PB-L,LONG,46.29,43.11,53.7,2.33,7,Financial Services,TP_HIT,53.7,2026-06-01,TP,16.01,18.0,,
2026-05-14 00:00:00,TFCILTD.NS,PB-L,LONG,76.92,71.69,89.11,2.33,7,Financial Services,SL_HIT,71.69,2026-05-18,SL,-6.8,4.0,,
2026-05-14 00:00:00,GLENMARK.NS,PB-L,LONG,2340.6,2236.97,2582.41,2.33,6,Pharma,SL_HIT,2236.97,2026-05-22,SL,-4.43,8.0,,
2026-05-14 00:00:00,BLISSGVS.NS,BO-L,LONG,289.4,271.9,330.23,2.33,5,Healthcare,TP_HIT,330.23,2026-05-26,TP,14.11,12.0,,
2026-05-14 00:00:00,DIACABS.NS,BO-L,LONG,191.99,177.83,225.04,2.33,5,Industrials,EXPIRED,206.6,2026-06-16,EXPIRED,7.61,33.0,,
2026-05-14 00:00:00,HINDALCO.NS,BO-L,LONG,1103.3,1062.21,1199.17,2.33,5,Metals & Mining,SL_HIT,1062.21,2026-05-15,SL,-3.72,1.0,,
2026-05-14 00:00:00,NGIL.NS,BO-L,LONG,39.51,36.59,46.33,2.34,5,Consumer Defensive,SL_HIT,36.59,2026-06-16,SL,-7.39,33.0,,
2026-05-14 00:00:00,PRECOT.NS,BO-L,LONG,660.3,615.79,764.15,2.33,5,Consumer Cyclical,SL_HIT,615.79,2026-05-19,SL,-6.74,5.0,,
2026-05-14 00:00:00,SOLARINDS.NS,BO-L,LONG,16665.0,15937.6,18362.27,2.33,5,Defence & Railways,TP_HIT,18362.27,2026-05-19,TP,10.18,5.0,,
2026-05-15 00:00:00,ABDL.NS,PB-L,LONG,555.35,520.15,637.47,2.33,7,Consumer Defensive,SL_HIT,520.15,2026-05-19,SL,-6.34,4.0,,
2026-05-15 00:00:00,ATULAUTO.NS,BO-L,LONG,517.9,488.12,587.39,2.33,5,Consumer Cyclical,SL_HIT,488.12,2026-05-20,SL,-5.75,5.0,,
2026-05-15 00:00:00,CARERATING.NS,BO-L,LONG,1800.4,1700.42,2033.69,2.33,5,Financial Services,SL_HIT,1700.42,2026-05-25,SL,-5.55,10.0,,
2026-05-15 00:00:00,GRAPHITE.NS,BO-L,LONG,774.45,726.76,885.73,2.33,5,Capital Goods,SL_HIT,726.76,2026-05-29,SL,-6.16,14.0,,
2026-05-15 00:00:00,KOTYARK.NS,BO-L,LONG,447.25,410.87,532.15,2.33,5,Basic Materials,SL_HIT,410.87,2026-06-08,SL,-8.13,24.0,,
2026-05-15 00:00:00,MCLEODRUSS.NS,BO-L,LONG,62.64,58.31,72.75,2.33,5,Consumer Defensive,TP_HIT,72.75,2026-05-21,TP,16.14,6.0,,
2026-05-15 00:00:00,MEDPLUS.NS,BO-L,LONG,951.0,906.14,1055.68,2.33,5,Healthcare,SL_HIT,906.14,2026-05-20,SL,-4.72,5.0,,
2026-05-15 00:00:00,SAKAR.NS,BO-L,LONG,696.7,627.23,858.8,2.33,5,Healthcare,TP_HIT,858.8,2026-06-01,TP,23.27,17.0,,
2026-05-15 00:00:00,SENORES.NS,BO-L,LONG,1050.35,982.76,1208.07,2.33,5,Healthcare,TP_HIT,1208.07,2026-06-12,TP,15.02,28.0,,
2026-05-15 00:00:00,SHILPAMED.NS,BO-L,LONG,478.4,445.46,555.25,2.33,5,Healthcare,TP_HIT,555.25,2026-06-08,TP,16.06,24.0,,
2026-05-18 00:00:00,HIRECT.NS,PB-L,LONG,910.15,825.85,1106.85,2.33,7,Industrials,TP_HIT,1106.85,2026-05-27,TP,21.61,9.0,,
2026-05-18 00:00:00,NESCO.NS,PB-L,LONG,1238.7,1170.38,1398.12,2.33,7,Real Estate,SL_HIT,1170.38,2026-05-29,SL,-5.52,11.0,,
2026-05-18 00:00:00,TORNTPHARM.NS,PB-L,LONG,4393.7,4235.7,4762.38,2.33,7,Pharma - Large Cap,EXPIRED,4442.8,2026-06-17,EXPIRED,1.12,30.0,,
2026-05-18 00:00:00,GESHIP.NS,BO-L,LONG,1696.5,1585.44,1955.63,2.33,5,Industrials,SL_HIT,1585.44,2026-05-27,SL,-6.55,9.0,,
2026-05-18 00:00:00,GLAND.NS,BO-L,LONG,2156.6,2034.52,2441.44,2.33,5,Pharma,EXPIRED,2197.6,2026-06-17,EXPIRED,1.9,30.0,,
2026-05-18 00:00:00,MUKANDLTD.NS,BO-L,LONG,148.95,138.9,172.41,2.33,5,Basic Materials,SL_HIT,138.9,2026-05-26,SL,-6.75,8.0,,
2026-05-18 00:00:00,SALSTEEL.NS,BO-L,LONG,61.12,56.16,72.69,2.33,4,Basic Materials,SL_HIT,56.16,2026-05-22,SL,-8.12,4.0,,
2026-05-19 00:00:00,SUKHJITS.NS,PB-L,LONG,191.5,175.86,228.0,2.33,7,Basic Materials,SL_HIT,175.86,2026-06-01,SL,-8.17,13.0,,
2026-05-19 00:00:00,TIMKEN.NS,PB-L,LONG,3538.0,3363.75,3944.57,2.33,7,Industrials,EXPIRED,3573.9,2026-06-18,EXPIRED,1.01,30.0,,
2026-05-19 00:00:00,KSL.NS,PB-L,LONG,821.85,768.92,945.35,2.33,6,Basic Materials,EXPIRED,814.7,2026-06-18,EXPIRED,-0.87,30.0,,
2026-05-19 00:00:00,ZYDUSWELL.NS,PB-L,LONG,509.1,477.63,582.53,2.33,6,Consumer Defensive,EXPIRED,504.65,2026-06-18,EXPIRED,-0.87,30.0,,
2026-05-19 00:00:00,GRANULES.NS,BO-L,LONG,766.45,731.94,846.97,2.33,5,Pharma,EXPIRED,782.1,2026-06-18,EXPIRED,2.04,30.0,,
2026-05-19 00:00:00,RADICO.NS,BO-L,LONG,3599.9,3431.51,3992.82,2.33,5,Consumer & FMCG,SL_HIT,3431.51,2026-05-27,SL,-4.68,8.0,,
2026-05-19 00:00:00,TRITURBINE.NS,BO-L,LONG,638.05,594.67,739.27,2.33,5,Industrials,TP_HIT,739.27,2026-05-29,TP,15.86,10.0,,
2026-05-20 00:00:00,INDUSINDBK.NS,PB-L,LONG,897.15,859.97,983.9,2.33,6,Banking - Private,EXPIRED,947.45,2026-06-19,EXPIRED,5.61,30.0,,
2026-05-20 00:00:00,NGLFINE.NS,PB-L,LONG,2410.1,2152.0,3012.34,2.33,6,Healthcare,TP_HIT,3012.34,2026-06-12,TP,24.99,23.0,,
2026-05-20 00:00:00,SIGNPOST.NS,PB-L,LONG,281.35,257.3,337.46,2.33,6,Communication Services,SL_HIT,257.3,2026-06-08,SL,-8.55,19.0,,
2026-05-20 00:00:00,AVALON.NS,BO-L,LONG,1464.4,1344.68,1743.74,2.33,5,Technology,SL_HIT,1344.68,2026-05-26,SL,-8.18,6.0,,
2026-05-20 00:00:00,MANAPPURAM.NS,BO-L,LONG,319.15,303.09,356.62,2.33,5,NBFC,SL_HIT,303.09,2026-06-03,SL,-5.03,14.0,,
2026-05-20 00:00:00,MANINDS.NS,BO-L,LONG,592.55,550.52,690.63,2.33,5,Basic Materials,SL_HIT,550.52,2026-05-21,SL,-7.09,1.0,,
2026-05-20 00:00:00,MAYURUNIQ.NS,BO-L,LONG,692.25,648.64,794.0,2.33,5,Consumer Cyclical,TP_HIT,794.0,2026-05-27,TP,14.7,7.0,,
2026-05-20 00:00:00,MUFIN.NS,BO-L,LONG,121.02,115.35,134.24,2.33,5,Financial Services,EXPIRED,130.86,2026-06-19,EXPIRED,8.13,30.0,,
2026-05-20 00:00:00,NDLVENTURE.NS,BO-L,LONG,131.04,122.32,151.38,2.33,5,Communication Services,SL_HIT,122.32,2026-05-29,SL,-6.65,9.0,,
2026-05-20 00:00:00,POWERINDIA.NS,BO-L,LONG,35525.0,33662.44,39870.98,2.33,5,Industrials,SL_HIT,33662.44,2026-06-10,SL,-5.24,21.0,,
2026-05-20 00:00:00,PRECOT.NS,BO-L,LONG,716.0,660.34,845.86,2.33,5,Consumer Cyclical,TP_HIT,845.86,2026-05-27,TP,18.14,7.0,,
2026-05-20 00:00:00,SBCL.NS,BO-L,LONG,664.8,610.5,791.51,2.33,5,Industrials,EXPIRED,746.55,2026-06-19,EXPIRED,12.3,30.0,,
2026-05-20 00:00:00,SINDHUTRAD.NS,BO-L,LONG,26.83,24.9,31.32,2.33,5,Industrials,SL_HIT,24.9,2026-06-08,SL,-7.19,19.0,,
2026-05-20 00:00:00,WANBURY.NS,BO-L,LONG,270.9,254.1,310.11,2.33,5,Healthcare,TP_HIT,310.11,2026-05-29,TP,14.47,9.0,,
2026-05-22 00:00:00,ENTERO.NS,BO-L,LONG,1354.4,1274.83,1540.07,2.33,5,Healthcare,SL_HIT,1274.83,2026-05-26,SL,-5.87,4.0,,
2026-05-22 00:00:00,PASUPTAC.NS,BO-L,LONG,57.97,54.01,67.22,2.34,5,Consumer Cyclical,TP_HIT,67.22,2026-06-01,TP,15.96,10.0,,
2026-05-22 00:00:00,RATEGAIN.NS,BO-L,LONG,714.45,663.6,833.11,2.33,5,IT - Mid & Small,TP_HIT,833.11,2026-06-15,TP,16.61,24.0,,
2026-05-22 00:00:00,SHYAMMETL.NS,BO-L,LONG,947.8,901.88,1054.96,2.33,5,Metals & Mining,EXPIRED,960.8,2026-06-22,EXPIRED,1.37,31.0,,
2026-05-22 00:00:00,SONAMLTD.NS,BO-L,LONG,58.39,54.46,67.55,2.33,5,Consumer Cyclical,SL_HIT,54.46,2026-05-27,SL,-6.73,5.0,,
2026-05-22 00:00:00,VBL.NS,BO-L,LONG,539.45,517.89,589.76,2.33,5,Consumer & FMCG,SL_HIT,517.89,2026-06-02,SL,-4.0,11.0,,
2026-05-25 00:00:00,BHARATGEAR.NS,PB-L,LONG,113.3,105.48,131.55,2.33,7,Consumer Cyclical,TP_HIT,131.55,2026-06-16,TP,16.11,22.0,,
2026-05-25 00:00:00,KRISHNADEF.NS,PB-L,LONG,1131.0,1003.54,1428.41,2.33,7,Industrials,EXPIRED,1275.0,2026-06-25,EXPIRED,12.73,31.0,,
2026-05-25 00:00:00,CESC.NS,PB-L,LONG,185.59,176.54,206.7,2.33,6,Power & Renewables,SL_HIT,176.54,2026-06-02,SL,-4.88,8.0,,
2026-05-25 00:00:00,ATALREAL.NS,BO-L,LONG,29.99,28.35,33.81,2.33,5,Industrials,SL_HIT,28.35,2026-06-08,SL,-5.47,14.0,,
2026-05-25 00:00:00,CORDSCABLE.NS,BO-L,LONG,235.6,216.92,279.19,2.33,5,Industrials,SL_HIT,216.92,2026-06-02,SL,-7.93,8.0,,
2026-05-25 00:00:00,E2E.NS,BO-L,LONG,3701.8,3436.03,4321.92,2.33,5,Technology,SL_HIT,3436.03,2026-05-26,SL,-7.18,1.0,,
2026-05-25 00:00:00,FEDFINA.NS,BO-L,LONG,164.79,155.37,186.78,2.33,5,Financial Services,SL_HIT,155.37,2026-06-01,SL,-5.72,7.0,,
2026-05-25 00:00:00,GANDHITUBE.NS,BO-L,LONG,961.25,907.43,1086.83,2.33,5,Industrials,SL_HIT,907.43,2026-05-26,SL,-5.6,1.0,,
2026-05-25 00:00:00,LLOYDSME.NS,BO-L,LONG,1801.4,1716.61,1999.24,2.33,5,Basic Materials,SL_HIT,1716.61,2026-06-08,SL,-4.71,14.0,,
2026-05-25 00:00:00,NAVINFLUOR.NS,BO-L,LONG,7445.5,7144.36,8148.16,2.33,5,Chemicals,SL_HIT,7144.36,2026-05-29,SL,-4.04,4.0,,
2026-05-25 00:00:00,NH.NS,BO-L,LONG,1940.0,1852.22,2144.81,2.33,5,Healthcare,SL_HIT,1852.22,2026-06-11,SL,-4.52,17.0,,
2026-05-25 00:00:00,RAMRAT.NS,BO-L,LONG,470.45,437.08,548.32,2.33,5,Industrials,SL_HIT,437.08,2026-05-29,SL,-7.09,4.0,,
2026-05-25 00:00:00,RISHABH.NS,BO-L,LONG,549.9,503.04,659.23,2.33,5,Capital Goods,SL_HIT,503.04,2026-06-01,SL,-8.52,7.0,,
2026-05-25 00:00:00,TECHNOE.NS,BO-L,LONG,1373.0,1295.44,1553.98,2.33,5,Industrials,SL_HIT,1295.44,2026-05-26,SL,-5.65,1.0,,
2026-05-25 00:00:00,JBCHEPHARM.NS,BO-L,LONG,2228.4,2144.15,2424.99,2.33,4,Pharma,SL_HIT,2144.15,2026-05-29,SL,-3.78,4.0,,
2026-05-25 00:00:00,TORNTPHARM.NS,BO-L,LONG,4572.6,4399.99,4975.36,2.33,4,Pharma - Large Cap,SL_HIT,4399.99,2026-05-29,SL,-3.77,4.0,,
2026-05-26 00:00:00,PIXTRANS.NS,PB-L,LONG,1540.4,1453.31,1743.61,2.33,7,Industrials,TP_HIT,1743.61,2026-06-25,TP,13.19,30.0,,
2026-05-26 00:00:00,INOXINDIA.NS,PB-L,LONG,1488.1,1392.28,1711.68,2.33,6,Industrials,TP_HIT,1711.68,2026-06-09,TP,15.02,14.0,,
2026-05-26 00:00:00,ADANIPOWER.NS,BO-L,LONG,244.53,231.43,275.09,2.33,5,Power & Renewables,SL_HIT,231.43,2026-06-02,SL,-5.36,7.0,,
2026-05-26 00:00:00,ATGL.NS,BO-L,LONG,713.1,668.37,817.47,2.33,5,Oil & Gas,TP_HIT,817.47,2026-05-27,TP,14.64,1.0,,
2026-05-26 00:00:00,AVANTEL.NS,BO-L,LONG,176.83,165.07,204.28,2.33,5,Technology,SL_HIT,165.07,2026-06-08,SL,-6.65,13.0,,
2026-05-26 00:00:00,GALAPREC.NS,BO-L,LONG,930.2,871.17,1067.94,2.33,5,Industrials,SL_HIT,871.17,2026-06-03,SL,-6.35,8.0,,
2026-05-26 00:00:00,GHCLTEXTIL.NS,BO-L,LONG,95.71,89.32,110.62,2.33,5,Consumer Cyclical,EXPIRED,92.59,2026-06-25,EXPIRED,-3.26,30.0,,
2026-05-26 00:00:00,KAPSTON.NS,BO-L,LONG,348.75,333.29,384.83,2.33,5,Industrials,SL_HIT,333.29,2026-06-03,SL,-4.43,8.0,,
2026-05-26 00:00:00,KINGFA.NS,BO-L,LONG,5528.1,5222.44,6241.3,2.33,5,Chemicals,SL_HIT,5222.44,2026-06-09,SL,-5.53,14.0,,
2026-05-26 00:00:00,RSWM.NS,BO-L,LONG,178.98,167.66,205.4,2.33,5,Consumer Cyclical,TP_HIT,205.4,2026-06-05,TP,14.76,10.0,,
2026-05-26 00:00:00,STEELXIND.NS,BO-L,LONG,10.84,10.03,12.72,2.32,5,Basic Materials,TP_HIT,12.72,2026-05-29,TP,17.34,3.0,,
2026-05-26 00:00:00,WABAG.NS,BO-L,LONG,1506.3,1430.92,1682.2,2.33,5,Industrials,TP_HIT,1682.2,2026-06-16,TP,11.68,21.0,,
2026-05-27 00:00:00,ABB.NS,BO-L,LONG,7219.0,6881.41,8006.71,2.33,5,Capital Goods,SL_HIT,6881.41,2026-06-10,SL,-4.68,14.0,,
2026-05-27 00:00:00,APARINDS.NS,BO-L,LONG,13426.0,12640.54,15258.74,2.33,5,Industrials,SL_HIT,12640.54,2026-06-01,SL,-5.85,5.0,,
2026-05-27 00:00:00,BBTCL.NS,BO-L,LONG,208.13,195.57,237.44,2.33,5,Consumer Cyclical,TP_HIT,237.44,2026-06-01,TP,14.08,5.0,,
2026-05-27 00:00:00,CGPOWER.NS,BO-L,LONG,934.8,892.74,1032.94,2.33,5,Capital Goods,SL_HIT,892.74,2026-06-01,SL,-4.5,5.0,,
2026-05-27 00:00:00,DEEPINDS.NS,BO-L,LONG,487.15,452.06,569.02,2.33,5,Energy,DATA_ERROR,569.02,2026-06-17,PRICE_MISMATCH_4.86x,16.81,21.0,,
2026-05-27 00:00:00,DREDGECORP.NS,BO-L,LONG,1191.5,1095.59,1415.29,2.33,5,Industrials,SL_HIT,1095.59,2026-06-10,SL,-8.05,14.0,,
2026-05-27 00:00:00,ELGIEQUIP.NS,BO-L,LONG,577.9,550.8,641.13,2.33,5,Capital Goods,TP_HIT,641.13,2026-05-28,TP,10.94,1.0,,
2026-05-27 00:00:00,FACT.NS,BO-L,LONG,923.4,879.06,1026.85,2.33,5,Basic Materials,SL_HIT,879.06,2026-05-29,SL,-4.8,2.0,,
2026-05-27 00:00:00,FINCABLES.NS,BO-L,LONG,1177.25,1105.52,1344.63,2.33,5,Industrials,SL_HIT,1105.52,2026-06-01,SL,-6.09,5.0,,
2026-05-27 00:00:00,GRANULES.NS,BO-L,LONG,782.6,747.88,863.61,2.33,5,Pharma,SL_HIT,747.88,2026-06-15,SL,-4.44,19.0,,
2026-05-27 00:00:00,GUJTHEM.NS,BO-L,LONG,432.2,395.44,517.98,2.33,5,Healthcare,SL_HIT,395.44,2026-06-01,SL,-8.51,5.0,,
2026-05-27 00:00:00,GVT&D.NS,BO-L,LONG,5097.7,4785.04,5827.23,2.33,5,Industrials,SL_HIT,4785.04,2026-06-01,SL,-6.13,5.0,,
2026-05-27 00:00:00,HINDALCO.NS,BO-L,LONG,1149.7,1104.27,1255.7,2.33,5,Metals & Mining,SL_HIT,1104.27,2026-06-05,SL,-3.95,9.0,,
2026-05-27 00:00:00,HIRECT.NS,BO-L,LONG,1152.35,1052.12,1386.21,2.33,5,Industrials,SL_HIT,1052.12,2026-06-10,SL,-8.7,14.0,,
2026-05-27 00:00:00,IFCI.NS,BO-L,LONG,68.38,64.54,77.34,2.33,5,Financial Services,TP_HIT,77.34,2026-06-03,TP,13.1,7.0,,
2026-05-27 00:00:00,JINDALSAW.NS,BO-L,LONG,246.07,231.19,280.78,2.33,5,Infrastructure,SL_HIT,231.19,2026-06-10,SL,-6.05,14.0,,
2026-05-27 00:00:00,JPPOWER.NS,BO-L,LONG,22.87,21.1,27.0,2.33,5,Power & Renewables,SL_HIT,21.1,2026-06-01,SL,-7.74,5.0,,
2026-05-27 00:00:00,KINGFA.NS,BO-L,LONG,100.17,93.42,115.93,2.33,5,Chemicals,TP_HIT,115.93,2026-05-28,TP,15.73,1.0,,
2026-05-27 00:00:00,KIOCL.NS,BO-L,LONG,416.1,390.79,475.16,2.33,5,Basic Materials,SL_HIT,390.79,2026-05-29,SL,-6.08,2.0,,
2026-05-27 00:00:00,KIRLOSENG.NS,BO-L,LONG,1830.0,1717.86,2091.67,2.33,5,Capital Goods,DATA_ERROR,1717.86,2026-06-17,PRICE_MISMATCH_3.17x,-6.13,21.0,,
2026-05-27 00:00:00,MOTHERSON.NS,BO-L,LONG,142.41,134.92,159.88,2.33,5,Auto Ancillaries,DATA_ERROR,159.88,2026-06-17,PRICE_MISMATCH_0.08x,12.27,21.0,,
2026-05-27 00:00:00,MUNJALAU.NS,BO-L,LONG,97.78,92.29,110.58,2.33,5,Consumer Cyclical,SL_HIT,92.29,2026-05-29,SL,-5.61,2.0,,
2026-05-27 00:00:00,POWERINDIA.NS,BO-L,LONG,37550.0,35532.09,42258.45,2.33,5,Industrials,SL_HIT,35532.09,2026-06-02,SL,-5.37,6.0,,
2026-05-27 00:00:00,PREMIERENE.NS,BO-L,LONG,1046.0,996.73,1160.96,2.33,5,Technology,EXPIRED,1025.1,2026-07-06,EXPIRED,-2.0,40.0,,
2026-05-27 00:00:00,SAMMAANCAP.NS,BO-L,LONG,173.32,163.79,195.55,2.33,5,Financial Services,EXPIRED,176.25,2026-07-06,EXPIRED,1.69,40.0,,
2026-05-27 00:00:00,SIEMENS.NS,BO-L,LONG,3878.7,3659.37,4390.46,2.33,5,Capital Goods,SL_HIT,3659.37,2026-06-02,SL,-5.65,6.0,,
2026-05-27 00:00:00,SKIPPER.NS,BO-L,LONG,516.8,482.23,597.47,2.33,5,Industrials,EXPIRED,573.15,2026-07-06,EXPIRED,10.9,40.0,,
2026-05-27 00:00:00,USHAMART.NS,BO-L,LONG,510.45,484.97,569.91,2.33,5,Basic Materials,SL_HIT,484.97,2026-06-10,SL,-4.99,14.0,,
2026-05-27 00:00:00,E2E.NS,BO-L,LONG,3951.4,3681.89,4580.25,2.33,4,Technology,SL_HIT,3681.89,2026-05-28,SL,-6.82,1.0,,
2026-05-27 00:00:00,GMDCLTD.NS,BO-L,LONG,699.1,658.53,793.77,2.33,4,Energy,SL_HIT,658.53,2026-06-02,SL,-5.8,6.0,,
2026-05-29 00:00:00,ACMESOLAR.NS,BO-L,LONG,310.1,293.06,349.86,2.33,5,Utilities,TP_HIT,349.86,2026-06-05,TP,12.82,7.0,6.0,MEDIUM
2026-05-29 00:00:00,ASHAPURMIN.NS,BO-L,LONG,739.5,689.73,855.64,2.33,5,Basic Materials,SL_HIT,689.73,2026-06-08,SL,-6.73,10.0,1.0,LOW
2026-05-29 00:00:00,BIRLACABLE.NS,BO-L,LONG,193.91,180.92,224.22,2.33,5,Technology,TP_HIT,224.22,2026-06-03,TP,15.63,5.0,4.0,MEDIUM
2026-05-29 00:00:00,CENTUM.NS,BO-L,LONG,3484.0,3207.5,4129.16,2.33,5,Technology,EXPIRED,3647.0,2026-07-06,EXPIRED,4.68,38.0,7.0,HIGH
2026-05-29 00:00:00,CGCL.NS,BO-L,LONG,198.36,188.68,220.94,2.33,5,Financial Services,TP_HIT,220.94,2026-06-15,TP,11.38,17.0,6.0,MEDIUM
2026-05-29 00:00:00,GRWRHITECH.NS,BO-L,LONG,6117.9,5677.13,7146.37,2.33,5,Basic Materials,SL_HIT,5677.13,2026-06-02,SL,-7.2,4.0,4.0,MEDIUM
2026-05-29 00:00:00,JGCHEM.NS,BO-L,LONG,436.2,409.03,499.59,2.33,5,Basic Materials,SL_HIT,409.03,2026-06-08,SL,-6.23,10.0,4.0,MEDIUM
2026-05-29 00:00:00,KSHITIJPOL.NS,BO-L,LONG,4.74,4.38,5.57,2.31,5,Industrials,TP_HIT,5.57,2026-06-04,TP,17.51,6.0,3.0,LOW
2026-05-29 00:00:00,MAHASTEEL.NS,BO-L,LONG,946.35,876.02,1110.45,2.33,5,Basic Materials,SL_HIT,876.02,2026-06-10,SL,-7.43,12.0,4.0,MEDIUM
2026-05-29 00:00:00,NEOGEN.NS,BO-L,LONG,1858.1,1721.93,2175.82,2.33,5,Chemicals,DATA_ERROR,1721.93,2026-06-17,PRICE_MISMATCH_4.88x,-7.33,19.0,3.0,LOW
2026-05-29 00:00:00,NETWEB.NS,BO-L,LONG,4670.7,4341.03,5439.93,2.33,5,IT - Mid & Small,SL_HIT,4341.03,2026-06-08,SL,-7.06,10.0,6.0,MEDIUM
2026-05-29 00:00:00,RRKABEL.NS,BO-L,LONG,2056.3,1931.26,2348.06,2.33,5,Electronics & EMS,DATA_ERROR,1931.26,2026-06-17,PRICE_MISMATCH_37.14x,-6.08,19.0,8.0,HIGH
2026-05-29 00:00:00,SHAILY.NS,BO-L,LONG,2989.5,2750.77,3546.53,2.33,5,Basic Materials,DATA_ERROR,2750.77,2026-06-17,PRICE_MISMATCH_40.25x,-7.99,19.0,9.0,HIGH
2026-05-29 00:00:00,SKYGOLD.NS,BO-L,LONG,521.0,480.98,614.38,2.33,5,Consumer & FMCG,DATA_ERROR,614.38,2026-06-17,PRICE_MISMATCH_0.17x,17.92,19.0,7.0,HIGH
2026-05-29 00:00:00,THERMAX.NS,BO-L,LONG,4982.7,4685.95,5675.12,2.33,5,Capital Goods,SL_HIT,4685.95,2026-06-08,SL,-5.96,10.0,4.0,MEDIUM
2026-05-29 00:00:00,BANDHANBNK.NS,BO-L,LONG,208.3,198.69,230.73,2.33,4,Banking - Private,SL_HIT,198.69,2026-06-11,SL,-4.61,13.0,1.0,LOW
2026-05-29 00:00:00,YESBANK.NS,BO-L,LONG,23.15,22.19,25.38,2.32,4,Financial Services,SL_HIT,22.19,2026-06-11,SL,-4.15,13.0,4.0,MEDIUM
2026-06-02 00:00:00,AARON.NS,BO-L,LONG,324.9,306.0,369.0,2.33,5,Industrials,SL_HIT,306.0,2026-06-03,SL,-5.82,1.0,7.0,HIGH
2026-06-02 00:00:00,IZMO.NS,BO-L,LONG,827.8,775.87,948.96,2.33,5,Technology,TP_HIT,948.96,2026-06-08,TP,14.64,6.0,7.0,HIGH
2026-06-02 00:00:00,MANORAMA.NS,BO-L,LONG,1514.0,1421.36,1730.16,2.33,5,Consumer Defensive,DATA_ERROR,1421.36,2026-06-17,PRICE_MISMATCH_2.71x,-6.12,15.0,9.0,HIGH
2026-06-02 00:00:00,APOLLOHOSP.NS,PB-L,LONG,8089.5,7841.96,8667.09,2.33,6,Healthcare,TP_HIT,8667.09,2026-06-25,TP,7.14,23.0,7.0,HIGH
2026-06-02 00:00:00,GVT&D.NS,PB-L,LONG,4781.0,4447.85,5558.36,2.33,6,Industrials,TP_HIT,5558.36,2026-06-19,TP,16.26,17.0,9.0,HIGH
2026-06-02 00:00:00,NAM-INDIA.NS,PB-L,LONG,1089.9,1038.29,1210.33,2.33,6,Financial Services,SL_HIT,1038.29,2026-06-11,SL,-4.74,9.0,7.0,HIGH
2026-06-02 00:00:00,A2ZINFRA.NS,BO-L,LONG,71.64,67.51,81.27,2.33,5,Other,SL_HIT,67.51,2026-06-03,SL,-5.76,1.0,5.0,MEDIUM
2026-06-02 00:00:00,AARNAV.NS,BO-L,LONG,827.8,775.87,948.96,2.33,5,Other,SL_HIT,775.87,2026-06-03,SL,-6.27,1.0,0.0,LOW
2026-06-02 00:00:00,BALAMINES.NS,BO-L,LONG,2016.1,1854.77,2392.54,2.33,5,Basic Materials,EXPIRED,2170.3,2026-07-06,EXPIRED,7.65,34.0,4.0,MEDIUM
2026-06-02 00:00:00,BIRLACABLE.NS,BO-L,LONG,213.78,199.5,247.11,2.33,5,Technology,SL_HIT,199.5,2026-06-10,SL,-6.68,8.0,4.0,MEDIUM
2026-06-02 00:00:00,DEEPINDS.NS,BO-L,LONG,518.8,482.93,602.5,2.33,5,Energy,DATA_ERROR,482.93,2026-06-17,PRICE_MISMATCH_5.34x,-6.91,15.0,7.0,HIGH
2026-06-02 00:00:00,GAYAPROJ.NS,BO-L,LONG,20.61,19.09,24.15,2.33,5,Industrials,TP_HIT,24.15,2026-06-17,TP,17.18,15.0,6.0,MEDIUM
2026-06-02 00:00:00,GOCLCORP.NS,BO-L,LONG,400.8,374.18,462.91,2.33,5,Basic Materials,EXPIRED,407.4,2026-07-06,EXPIRED,1.65,34.0,4.0,MEDIUM
2026-06-02 00:00:00,S&SPOWER.NS,BO-L,LONG,406.0,392.94,436.48,2.33,5,Industrials,SL_HIT,392.94,2026-06-04,SL,-3.22,2.0,5.0,MEDIUM
2026-06-02 00:00:00,UNIVCABLES.NS,BO-L,LONG,1239.2,1122.65,1511.15,2.33,5,Industrials,SL_HIT,1122.65,2026-06-11,SL,-9.41,9.0,5.0,MEDIUM
2026-06-03 00:00:00,ABSLAMC.NS,PB-L,LONG,1033.3,970.36,1180.15,2.33,7,Capital Markets,DATA_ERROR,970.36,2026-06-17,PRICE_MISMATCH_5.03x,-6.09,14.0,4.0,MEDIUM
2026-06-03 00:00:00,MSPL.NS,PB-L,LONG,41.15,38.2,48.03,2.33,7,Basic Materials,EXPIRED,42.56,2026-07-06,EXPIRED,3.43,33.0,2.0,LOW
2026-06-03 00:00:00,XPROINDIA.NS,PB-L,LONG,1152.6,1066.39,1353.75,2.33,7,Basic Materials,TP_HIT,1353.75,2026-06-16,TP,17.45,13.0,3.0,LOW
2026-06-03 00:00:00,ADFFOODS.NS,BO-L,LONG,290.3,268.29,341.67,2.33,5,Consumer Defensive,SL_HIT,268.29,2026-06-11,SL,-7.58,8.0,7.0,HIGH
2026-06-03 00:00:00,ATHERENERG.NS,BO-L,LONG,1022.05,956.82,1174.26,2.33,5,Consumer Cyclical,SL_HIT,956.82,2026-06-18,SL,-6.38,15.0,5.0,MEDIUM
2026-06-03 00:00:00,BHAGYANGR.NS,BO-L,LONG,339.35,311.1,405.26,2.33,5,Basic Materials,SL_HIT,311.1,2026-06-05,SL,-8.32,2.0,6.0,MEDIUM
2026-06-03 00:00:00,CHENNPETRO.NS,BO-L,LONG,1189.8,1125.04,1340.91,2.33,5,Energy,SL_HIT,1125.04,2026-06-12,SL,-5.44,9.0,4.0,MEDIUM
2026-06-03 00:00:00,CONFIPET.NS,BO-L,LONG,76.79,69.75,93.21,2.33,5,Energy,SL_HIT,69.75,2026-06-12,SL,-9.17,9.0,1.0,LOW
2026-06-03 00:00:00,J&KBANK.NS,BO-L,LONG,148.65,141.36,165.65,2.33,5,Financial Services,DATA_ERROR,141.36,2026-06-17,PRICE_MISMATCH_1.55x,-4.9,14.0,4.0,MEDIUM
2026-06-03 00:00:00,SOUTHBANK.NS,BO-L,LONG,43.6,41.69,48.05,2.33,5,Banking - Private,TP_HIT,48.05,2026-06-15,TP,10.21,12.0,3.0,LOW
2026-06-03 00:00:00,WELCORP.NS,BO-L,LONG,1413.6,1347.16,1568.63,2.33,5,Infrastructure,SL_HIT,1347.16,2026-06-08,SL,-4.7,5.0,5.0,MEDIUM
2026-06-03 00:00:00,JAYBARMARU.NS,BO-L,LONG,127.71,117.75,150.95,2.33,4,Consumer Cyclical,TP_HIT,150.95,2026-06-15,TP,18.2,12.0,8.0,HIGH
2026-06-04 00:00:00,BAJAJ-AUTO.NS,PB-L,LONG,10362.0,9998.47,11210.25,2.33,6,Auto OEM,SL_HIT,9998.47,2026-06-12,SL,-3.51,8.0,8.0,HIGH
2026-06-04 00:00:00,KIMS.NS,PB-L,LONG,764.9,724.65,858.81,2.33,6,Healthcare,EXPIRED,830.5,2026-07-06,EXPIRED,8.58,32.0,4.0,MEDIUM
2026-06-04 00:00:00,AFIL.NS,BO-L,LONG,10.37,9.7,11.92,2.31,5,Financial Services,SL_HIT,9.7,2026-06-10,SL,-6.46,6.0,4.0,MEDIUM
2026-06-04 00:00:00,APCOTEXIND.NS,BO-L,LONG,538.35,504.63,617.02,2.33,5,Basic Materials,TP_HIT,617.02,2026-06-05,TP,14.61,1.0,7.0,HIGH
2026-06-04 00:00:00,AZAD.NS,BO-L,LONG,2200.5,2051.91,2547.2,2.33,5,Industrials,DATA_ERROR,2547.2,2026-06-17,PRICE_MISMATCH_4.09x,15.76,13.0,6.0,MEDIUM
2026-06-04 00:00:00,CEMPRO.NS,BO-L,LONG,1127.3,1048.3,1311.63,2.33,5,Industrials,DATA_ERROR,1311.63,2026-06-17,PRICE_MISMATCH_0.51x,16.35,13.0,5.0,MEDIUM
2026-06-04 00:00:00,CUPID.NS,BO-L,LONG,133.09,126.25,149.05,2.33,5,Consumer Defensive,TP_HIT,149.05,2026-06-10,TP,11.99,6.0,7.0,HIGH
2026-06-04 00:00:00,HSCL.NS,BO-L,LONG,642.0,599.88,740.29,2.33,5,Basic Materials,DATA_ERROR,599.88,2026-06-17,PRICE_MISMATCH_0.57x,-6.56,13.0,3.0,LOW
2026-06-04 00:00:00,JINDALSAW.NS,BO-L,LONG,260.0,244.82,295.43,2.33,5,Infrastructure,SL_HIT,244.82,2026-06-08,SL,-5.84,4.0,5.0,MEDIUM
2026-06-04 00:00:00,JNKINDIA.NS,BO-L,LONG,421.6,386.68,503.09,2.33,5,Industrials,TP_HIT,503.09,2026-06-10,TP,19.33,6.0,6.0,MEDIUM
2026-06-04 00:00:00,NITINSPIN.NS,BO-L,LONG,541.55,509.18,617.09,2.33,5,Consumer Cyclical,TP_HIT,617.09,2026-06-05,TP,13.95,1.0,6.0,MEDIUM
2026-06-04 00:00:00,PARAS.NS,BO-L,LONG,893.8,830.6,1041.27,2.33,5,Industrials,TP_HIT,1041.27,2026-06-09,TP,16.5,5.0,6.0,MEDIUM
2026-06-04 00:00:00,USHAMART.NS,BO-L,LONG,519.8,493.3,581.64,2.33,5,Basic Materials,SL_HIT,493.3,2026-06-08,SL,-5.1,4.0,5.0,MEDIUM
2026-06-04 00:00:00,V2RETAIL.NS,BO-L,LONG,256.4,239.85,295.01,2.33,5,Consumer Cyclical,SL_HIT,239.85,2026-06-08,SL,-6.45,4.0,6.0,MEDIUM
2026-06-04 00:00:00,VIJAYA.NS,BO-L,LONG,1359.4,1270.92,1565.86,2.33,5,Healthcare,SL_HIT,1270.92,2026-06-10,SL,-6.51,6.0,7.0,HIGH
2026-06-04 00:00:00,WELENT.NS,BO-L,LONG,540.75,511.59,608.8,2.33,5,Industrials,TP_HIT,608.8,2026-06-30,TP,12.58,26.0,4.0,MEDIUM
2026-06-04 00:00:00,JBMA.NS,BO-L,LONG,692.8,651.42,789.36,2.33,4,Auto Ancillaries,SL_HIT,651.42,2026-06-08,SL,-5.97,4.0,3.0,LOW
2026-06-05 00:00:00,IGIL.NS,PB-L,LONG,368.4,348.68,414.41,2.33,6,Basic Materials,DATA_ERROR,414.41,2026-06-17,PRICE_MISMATCH_0.68x,12.49,12.0,5.0,MEDIUM
2026-06-05 00:00:00,ACUTAAS.NS,BO-L,LONG,3328.3,3150.54,3743.07,2.33,5,Basic Materials,SL_HIT,3150.54,2026-06-11,SL,-5.34,6.0,8.0,HIGH
2026-06-05 00:00:00,ADANIENSOL.NS,BO-L,LONG,1579.0,1486.3,1795.31,2.33,5,Utilities,SL_HIT,1486.3,2026-06-11,SL,-5.87,6.0,4.0,MEDIUM
2026-06-05 00:00:00,EQUITASBNK.NS,BO-L,LONG,73.95,70.37,82.3,2.33,5,Banking - Private,EXPIRED,76.45,2026-07-06,EXPIRED,3.38,31.0,1.0,LOW
2026-06-05 00:00:00,HINDOILEXP.NS,BO-L,LONG,174.66,163.82,199.96,2.33,5,Energy,SL_HIT,163.82,2026-06-11,SL,-6.21,6.0,3.0,LOW
2026-06-05 00:00:00,INOXINDIA.NS,BO-L,LONG,1578.8,1483.64,1800.85,2.33,5,Industrials,TP_HIT,1800.85,2026-06-10,TP,14.06,5.0,7.0,HIGH
2026-06-05 00:00:00,VASWANI.NS,BO-L,LONG,61.04,56.54,71.55,2.34,5,Basic Materials,SL_HIT,56.54,2026-06-12,SL,-7.37,7.0,2.0,LOW
2026-06-05 00:00:00,WABAG.NS,BO-L,LONG,1600.4,1529.99,1764.7,2.33,5,Industrials,SL_HIT,1529.99,2026-06-11,SL,-4.4,6.0,7.0,HIGH
2026-06-08 00:00:00,VIJIFIN.NS,PB-L,LONG,3.99,3.66,4.77,2.36,7,Financial Services,TP_HIT,4.77,2026-06-23,TP,19.55,15.0,6.0,MEDIUM
2026-06-08 00:00:00,JGCHEM.NS,PB-L,LONG,424.6,397.35,488.18,2.33,6,Basic Materials,EXPIRED,443.5,2026-07-18,EXPIRED,4.45,40.0,4.0,MEDIUM
2026-06-08 00:00:00,CAPLIPOINT.NS,BO-L,LONG,2111.0,2011.13,2344.03,2.33,5,Healthcare,TP_HIT,2344.03,2026-06-10,TP,11.04,2.0,6.0,MEDIUM
2026-06-08 00:00:00,DLINKINDIA.NS,BO-L,LONG,490.1,467.7,542.37,2.33,5,Technology,TP_HIT,542.37,2026-07-08,TP,10.67,30.0,6.0,MEDIUM
2026-06-08 00:00:00,GULPOLY.NS,BO-L,LONG,213.38,198.31,248.53,2.33,5,Basic Materials,SL_HIT,198.31,2026-06-24,SL,-7.06,16.0,6.0,MEDIUM
2026-06-08 00:00:00,UFBL.NS,BO-L,LONG,541.95,487.17,669.77,2.33,5,Consumer Cyclical,TP_HIT,669.77,2026-06-22,TP,23.59,14.0,1.0,LOW
2026-06-08 00:00:00,ZYDUSWELL.NS,BO-L,LONG,523.5,494.92,590.18,2.33,5,Consumer Defensive,SL_HIT,494.92,2026-06-11,SL,-5.46,3.0,6.0,MEDIUM
2026-06-09 00:00:00,NAM-INDIA.NS,PB-L,LONG,1084.8,1023.18,1228.58,2.33,7,Financial Services,TP_HIT,1228.58,2026-07-02,TP,13.25,23.0,7.0,HIGH
2026-06-09 00:00:00,SOUTHWEST.NS,PB-L,LONG,260.15,236.24,315.94,2.33,7,Energy,SL_HIT,236.24,2026-06-11,SL,-9.19,2.0,7.0,HIGH
2026-06-09 00:00:00,STARHEALTH.NS,PB-L,LONG,521.4,500.49,570.19,2.33,7,Insurance,TP_HIT,570.19,2026-06-18,TP,9.36,9.0,2.0,LOW
2026-06-09 00:00:00,ABSLAMC.NS,PB-L,LONG,1062.4,1007.45,1190.62,2.33,6,Capital Markets,DATA_ERROR,1007.45,2026-06-17,PRICE_MISMATCH_5.24x,-5.17,8.0,4.0,MEDIUM
2026-06-09 00:00:00,MBAPL.NS,PB-L,LONG,553.9,524.63,622.19,2.33,6,Basic Materials,DATA_ERROR,622.19,2026-07-06,PRICE_MISMATCH_5.00x,12.33,27.0,4.0,MEDIUM
2026-06-09 00:00:00,NETWEB.NS,PB-L,LONG,4428.2,4054.77,5299.53,2.33,6,IT - Mid & Small,SL_HIT,4054.77,2026-06-11,SL,-8.43,2.0,6.0,MEDIUM
2026-06-09 00:00:00,VOLTAMP.NS,PB-L,LONG,10004.0,9403.39,11405.42,2.33,6,Capital Goods,SL_HIT,9403.39,2026-07-08,SL,-6.0,29.0,5.0,MEDIUM
2026-06-09 00:00:00,ASTERDM.NS,BO-L,LONG,790.35,754.41,874.21,2.33,5,Healthcare,SL_HIT,754.41,2026-06-29,SL,-4.55,20.0,5.0,MEDIUM
2026-06-09 00:00:00,DCMNVL.NS,BO-L,LONG,166.0,154.71,192.35,2.33,5,Consumer Cyclical,SL_HIT,154.71,2026-06-16,SL,-6.8,7.0,4.0,MEDIUM
2026-06-09 00:00:00,DEEPAKFERT.NS,BO-L,LONG,1518.6,1436.72,1709.66,2.33,5,Chemicals,EXPIRED,1601.1,2026-07-18,EXPIRED,5.43,39.0,5.0,MEDIUM
2026-06-09 00:00:00,EUROTEXIND.NS,BO-L,LONG,18.62,16.65,23.21,2.33,5,Real Estate,TP_HIT,23.21,2026-06-11,TP,24.65,2.0,2.0,LOW
2026-06-09 00:00:00,GRWRHITECH.NS,BO-L,LONG,6225.0,5781.83,7259.06,2.33,5,Basic Materials,EXPIRED,6931.5,2026-07-18,EXPIRED,11.35,39.0,4.0,MEDIUM
2026-06-09 00:00:00,HINDOILEXP.NS,BO-L,LONG,183.03,171.74,209.37,2.33,5,Energy,SL_HIT,171.74,2026-06-11,SL,-6.17,2.0,3.0,LOW
2026-06-09 00:00:00,INNOVACAP.NS,BO-L,LONG,914.7,861.44,1038.98,2.33,5,Healthcare,EXPIRED,1011.3,2026-07-18,EXPIRED,10.56,39.0,6.0,MEDIUM
2026-06-09 00:00:00,J&KBANK.NS,BO-L,LONG,156.98,149.23,175.06,2.33,5,Financial Services,DATA_ERROR,149.23,2026-06-17,PRICE_MISMATCH_1.62x,-4.94,8.0,4.0,MEDIUM
2026-06-09 00:00:00,KRISHNADEF.NS,BO-L,LONG,1240.8,1129.24,1501.1,2.33,5,Industrials,EXPIRED,1297.9,2026-07-18,EXPIRED,4.6,39.0,6.0,MEDIUM
2026-06-09 00:00:00,MIDHANI.NS,BO-L,LONG,450.35,419.95,521.28,2.33,5,Defence & Railways,SL_HIT,419.95,2026-06-25,SL,-6.75,16.0,5.0,MEDIUM
2026-06-09 00:00:00,SHIVAUM.NS,BO-L,LONG,355.75,344.65,381.65,2.33,5,Basic Materials,SL_HIT,344.65,2026-06-12,SL,-3.12,3.0,3.0,LOW
2026-06-09 00:00:00,SOUTHBANK.NS,BO-L,LONG,45.74,43.56,50.83,2.33,5,Banking - Private,SL_HIT,43.56,2026-07-08,SL,-4.77,29.0,3.0,LOW
2026-06-09 00:00:00,SSWL.NS,BO-L,LONG,234.6,220.17,268.26,2.33,5,Consumer Cyclical,TP_HIT,268.26,2026-07-15,TP,14.35,36.0,3.0,LOW
2026-06-09 00:00:00,STEL.NS,BO-L,LONG,524.85,491.66,602.3,2.33,5,Financial Services,TP_HIT,602.3,2026-06-15,TP,14.76,6.0,5.0,MEDIUM
2026-06-09 00:00:00,VASWANI.NS,BO-L,LONG,62.25,57.45,73.45,2.33,5,Basic Materials,SL_HIT,57.45,2026-06-11,SL,-7.71,2.0,2.0,LOW
2026-06-09 00:00:00,ZIMLAB.NS,BO-L,LONG,113.05,103.87,134.48,2.33,5,Healthcare,EXPIRED,122.97,2026-07-18,EXPIRED,8.77,39.0,2.0,LOW
2026-06-10 00:00:00,WELINV.NS,PB-L,LONG,1800.0,1683.76,2071.23,2.33,7,Financial Services,EXPIRED,1855.2,2026-07-18,EXPIRED,3.07,38.0,1.0,LOW
2026-06-10 00:00:00,AKUMS.NS,BO-L,LONG,592.1,560.07,666.83,2.33,5,Healthcare,TP_HIT,666.83,2026-07-08,TP,12.62,28.0,4.0,MEDIUM
2026-06-10 00:00:00,CARYSIL.NS,BO-L,LONG,1191.9,1107.31,1389.28,2.33,5,Consumer Cyclical,SL_HIT,1107.31,2026-07-08,SL,-7.1,28.0,6.0,MEDIUM
2026-06-10 00:00:00,GAYAPROJ.NS,BO-L,LONG,21.75,20.22,25.31,2.33,5,Industrials,TP_HIT,25.31,2026-06-18,TP,16.37,8.0,6.0,MEDIUM
2026-06-10 00:00:00,NEOGEN.NS,BO-L,LONG,1995.3,1855.96,2320.44,2.33,5,Chemicals,DATA_ERROR,1855.96,2026-06-17,PRICE_MISMATCH_5.37x,-6.98,7.0,3.0,LOW
2026-06-10 00:00:00,WELENT.NS,BO-L,LONG,556.1,527.45,622.95,2.33,5,Industrials,SL_HIT,527.45,2026-06-11,SL,-5.15,1.0,4.0,MEDIUM
2026-06-10 00:00:00,DIFFNKG.NS,BO-L,LONG,346.5,324.33,398.23,2.33,4,Industrials,DATA_ERROR,324.33,2026-06-17,PRICE_MISMATCH_0.29x,-6.4,7.0,7.0,HIGH
2026-06-11 00:00:00,AFIL.NS,PB-L,LONG,9.83,9.05,11.64,2.32,7,Financial Services,SL_HIT,9.05,2026-07-17,SL,-7.93,36.0,4.0,MEDIUM
2026-06-11 00:00:00,ELECON.NS,PB-L,LONG,528.1,495.52,604.11,2.33,6,Capital Goods,SL_HIT,495.52,2026-07-08,SL,-6.17,27.0,3.0,LOW
2026-06-11 00:00:00,ABDL.NS,BO-L,LONG,608.45,574.38,687.94,2.33,5,Consumer Defensive,DATA_ERROR,687.94,2026-06-17,PRICE_MISMATCH_1.65x,13.06,6.0,5.0,MEDIUM
2026-06-11 00:00:00,AJANTPHARM.NS,BO-L,LONG,3143.4,2995.48,3488.54,2.33,5,Pharma,TP_HIT,3488.54,2026-07-01,TP,10.98,20.0,6.0,MEDIUM
2026-06-11 00:00:00,APARINDS.NS,BO-L,LONG,14551.0,13665.65,16616.81,2.33,5,Industrials,TP_HIT,16616.81,2026-06-18,TP,14.2,7.0,3.0,LOW
2026-06-11 00:00:00,JBCHEPHARM.NS,BO-L,LONG,2252.7,2162.15,2463.98,2.33,5,Pharma,DATA_ERROR,2162.15,2026-06-17,PRICE_MISMATCH_0.15x,-4.02,6.0,4.0,MEDIUM
2026-06-11 00:00:00,LOTUSEYE.NS,BO-L,LONG,134.23,123.12,160.16,2.33,5,Healthcare,DATA_ERROR,123.12,2026-06-17,PRICE_MISMATCH_0.06x,-8.28,6.0,2.0,LOW
2026-06-12 00:00:00,BANDHANBNK.NS,PB-L,LONG,204.6,194.57,228.01,2.33,7,Banking - Private,EXPIRED,213.25,2026-07-18,EXPIRED,4.23,36.0,1.0,LOW
2026-06-12 00:00:00,CARBORUNIV.NS,PB-L,LONG,1053.1,993.42,1192.36,2.33,7,Capital Goods,DATA_ERROR,993.42,2026-06-17,PRICE_MISMATCH_5.15x,-5.67,5.0,3.0,LOW
2026-06-12 00:00:00,E2E.NS,PB-L,LONG,386.4,354.48,460.88,2.33,7,Technology,DATA_ERROR,354.48,2026-06-17,PRICE_MISMATCH_0.37x,-8.26,5.0,2.0,LOW
2026-06-12 00:00:00,STEELXIND.NS,PB-L,LONG,11.49,10.43,13.95,2.32,7,Basic Materials,DATA_ERROR,13.95,2026-06-17,PRICE_MISMATCH_0.03x,21.41,5.0,6.0,MEDIUM
2026-06-12 00:00:00,VIJAYA.NS,PB-L,LONG,1287.2,1202.21,1485.51,2.33,7,Healthcare,EXPIRED,1412.5,2026-07-18,EXPIRED,9.73,36.0,7.0,HIGH
2026-06-12 00:00:00,AZAD.NS,PB-L,LONG,2150.1,2003.76,2491.57,2.33,6,Industrials,DATA_ERROR,2003.76,2026-06-17,PRICE_MISMATCH_4.06x,-6.81,5.0,6.0,MEDIUM
2026-06-12 00:00:00,KIRLPNU.NS,PB-L,LONG,1606.0,1508.51,1833.47,2.33,6,Industrials,SL_HIT,1508.51,2026-06-15,SL,-6.07,3.0,7.0,HIGH
2026-06-12 00:00:00,MMTC.NS,PB-L,LONG,68.06,63.66,78.33,2.33,6,Industrials,TP_HIT,78.33,2026-06-17,TP,15.09,5.0,9.0,HIGH
2026-06-12 00:00:00,NETWEB.NS,PB-L,LONG,4587.4,4197.18,5497.9,2.33,6,IT - Mid & Small,SL_HIT,4197.18,2026-07-08,SL,-8.51,26.0,6.0,MEDIUM
2026-06-12 00:00:00,A2ZINFRA.NS,BO-L,LONG,644.45,608.69,727.89,2.33,5,Other,SL_HIT,608.69,2026-06-15,SL,-5.55,3.0,5.0,MEDIUM
2026-06-12 00:00:00,AEROENTER.NS,BO-L,LONG,109.78,101.77,128.47,2.33,5,Basic Materials,TP_HIT,128.47,2026-06-18,TP,17.02,6.0,6.0,MEDIUM
2026-06-12 00:00:00,AEROFLEX.NS,BO-L,LONG,448.1,407.35,543.19,2.33,5,Electronics & EMS,SL_HIT,407.35,2026-07-08,SL,-9.09,26.0,5.0,MEDIUM
2026-06-12 00:00:00,BANCOINDIA.NS,BO-L,LONG,689.55,647.84,786.88,2.33,5,Consumer Cyclical,EXPIRED,661.2,2026-07-18,EXPIRED,-4.11,36.0,8.0,HIGH
2026-06-12 00:00:00,CGCL.NS,BO-L,LONG,208.48,199.29,229.92,2.33,5,Financial Services,TP_HIT,229.92,2026-06-30,TP,10.28,18.0,6.0,MEDIUM
2026-06-12 00:00:00,DJML.NS,BO-L,LONG,113.47,105.94,131.05,2.33,5,Industrials,SL_HIT,105.94,2026-06-16,SL,-6.64,4.0,5.0,MEDIUM
2026-06-12 00:00:00,IFCI.NS,BO-L,LONG,84.57,77.75,100.49,2.33,5,Financial Services,SL_HIT,77.75,2026-06-25,SL,-8.06,13.0,4.0,MEDIUM
2026-06-12 00:00:00,NGLFINE.NS,BO-L,LONG,3048.8,2730.37,3791.79,2.33,5,Healthcare,EXPIRED,3087.4,2026-07-18,EXPIRED,1.27,36.0,7.0,HIGH
2026-06-12 00:00:00,POWERMECH.NS,BO-L,LONG,2789.5,2633.8,3152.79,2.33,5,Industrials,SL_HIT,2633.8,2026-07-03,SL,-5.58,21.0,7.0,HIGH
2026-06-12 00:00:00,SENORES.NS,BO-L,LONG,1290.0,1197.85,1505.01,2.33,5,Healthcare,TP_HIT,1505.01,2026-07-16,TP,16.67,34.0,7.0,HIGH
2026-06-12 00:00:00,SOUTHBANK.NS,BO-L,LONG,46.66,44.46,51.78,2.33,5,Banking - Private,SL_HIT,44.46,2026-07-08,SL,-4.71,26.0,3.0,LOW
2026-06-15 00:00:00,WELINV.NS,PB-L,LONG,1780.0,1665.82,2046.43,2.33,7,Other,EXPIRED,1855.2,2026-07-18,EXPIRED,4.22,33.0,1.0,LOW
2026-06-15 00:00:00,SUTLEJTEX.NS,PB-L,LONG,37.59,34.8,44.09,2.33,6,Consumer Cyclical,EXPIRED,38.86,2026-07-18,EXPIRED,3.38,33.0,2.0,LOW
2026-06-15 00:00:00,ANGELONE.NS,BO-L,LONG,352.3,333.11,397.07,2.33,5,Capital Markets,SL_HIT,333.11,2026-06-29,SL,-5.45,14.0,4.0,MEDIUM
2026-06-15 00:00:00,CAPITALSFB.NS,BO-L,LONG,289.95,277.04,320.07,2.33,5,Financial Services,SL_HIT,277.04,2026-06-30,SL,-4.45,15.0,3.0,LOW
2026-06-15 00:00:00,CRAFTSMAN.NS,BO-L,LONG,9337.0,8843.49,10488.52,2.33,5,Auto Ancillaries,EXPIRED,9101.0,2026-07-18,EXPIRED,-2.53,33.0,7.0,HIGH
2026-06-15 00:00:00,DIVGIITTS.NS,BO-L,LONG,869.2,812.33,1001.9,2.33,5,Auto Ancillaries,TP_HIT,1001.9,2026-06-30,TP,15.27,15.0,6.0,MEDIUM
2026-06-15 00:00:00,EQUITASBNK.NS,BO-L,LONG,78.46,74.34,88.07,2.33,5,Banking - Private,SL_HIT,74.34,2026-06-25,SL,-5.25,10.0,1.0,LOW
2026-06-15 00:00:00,GRINDWELL.NS,BO-L,LONG,2023.1,1922.25,2258.42,2.33,5,Auto Ancillaries,TP_HIT,2258.42,2026-06-25,TP,11.63,10.0,7.0,HIGH
2026-06-15 00:00:00,HNDFDS.NS,BO-L,LONG,557.7,531.41,619.04,2.33,5,Industrials,SL_HIT,531.41,2026-07-07,SL,-4.71,22.0,5.0,MEDIUM
2026-06-15 00:00:00,MOTILALOFS.NS,BO-L,LONG,939.45,891.6,1051.09,2.33,5,Capital Markets,DATA_ERROR,891.6,2026-06-17,PRICE_MISMATCH_1.68x,-5.09,2.0,6.0,MEDIUM
2026-06-15 00:00:00,NUVAMA.NS,BO-L,LONG,1660.9,1578.54,1853.08,2.33,5,Capital Markets,DATA_ERROR,1578.54,2026-06-17,PRICE_MISMATCH_1.77x,-4.96,2.0,3.0,LOW
2026-06-15 00:00:00,QPOWER.NS,BO-L,LONG,1282.1,1184.16,1510.63,2.33,5,Industrials,TP_HIT,1510.63,2026-06-16,TP,17.82,1.0,7.0,HIGH
2026-06-15 00:00:00,RAINBOW.NS,BO-L,LONG,1418.6,1362.9,1548.57,2.33,5,Healthcare,SL_HIT,1362.9,2026-06-16,SL,-3.93,1.0,6.0,MEDIUM
2026-06-15 00:00:00,RBLBANK.NS,BO-L,LONG,372.65,356.32,410.75,2.33,5,Banking - Private,DATA_ERROR,,2026-06-17,PRICE_MISMATCH_0.26x,,2.0,2.0,LOW
2026-06-15 00:00:00,SANGHVIMOV.NS,BO-L,LONG,420.85,392.51,486.97,2.33,5,Industrials,SL_HIT,392.51,2026-06-16,SL,-6.73,1.0,7.0,HIGH
2026-06-15 00:00:00,SCPL.NS,BO-L,LONG,515.3,473.36,613.17,2.33,5,Consumer Defensive,SL_HIT,473.36,2026-06-16,SL,-8.14,1.0,7.0,HIGH
2026-06-15 00:00:00,SHRIPISTON.NS,BO-L,LONG,3741.9,3547.14,4196.33,2.33,5,Consumer Cyclical,DATA_ERROR,,2026-06-17,PRICE_MISMATCH_8.89x,,2.0,5.0,MEDIUM
2026-06-15 00:00:00,SJS.NS,BO-L,LONG,2203.8,2085.39,2480.09,2.33,5,Consumer Cyclical,DATA_ERROR,,2026-06-17,PRICE_MISMATCH_0.59x,,2.0,9.0,HIGH
2026-06-15 00:00:00,YESBANK.NS,BO-L,LONG,23.78,22.78,26.12,2.34,5,Financial Services,DATA_ERROR,,2026-06-17,PRICE_MISMATCH_0.01x,,2.0,4.0,MEDIUM
2026-06-15 00:00:00,EPL.NS,BO-L,LONG,226.87,215.75,252.82,2.33,4,Consumer Cyclical,EXPIRED,234.63,2026-07-18,EXPIRED,3.42,33.0,6.0,MEDIUM
2026-06-15 00:00:00,RADICO.NS,BO-L,LONG,3592.0,3457.68,3905.42,2.33,4,Consumer & FMCG,DATA_ERROR,3457.68,2026-06-17,PRICE_MISMATCH_15.83x,-3.74,2.0,7.0,HIGH
2026-06-15 00:00:00,WABAG.NS,BO-L,LONG,1629.1,1549.94,1813.8,2.33,4,Industrials,DATA_ERROR,1549.94,2026-06-17,PRICE_MISMATCH_0.45x,-4.86,2.0,7.0,HIGH
2026-06-16 00:00:00,MEDANTA.NS,PB-L,LONG,1236.1,1181.24,1364.1,2.33,6,Healthcare,TP_HIT,1364.1,2026-06-17,TP,10.36,1.0,6.0,MEDIUM
2026-06-16 00:00:00,SVPGLOB.NS,PB-L,LONG,4.04,3.67,4.91,2.35,6,Consumer Cyclical,DATA_ERROR,,2026-06-17,PRICE_MISMATCH_0.00x,,1.0,2.0,LOW
2026-06-16 00:00:00,ADFFOODS.NS,BO-L,LONG,301.25,280.04,350.74,2.33,5,Consumer Defensive,DATA_ERROR,,2026-06-17,PRICE_MISMATCH_5.59x,,1.0,7.0,HIGH
2026-06-16 00:00:00,ASHIANA.NS,BO-L,LONG,389.1,366.47,441.91,2.33,5,Real Estate,EXPIRED,378.45,2026-07-18,EXPIRED,-2.74,32.0,6.0,MEDIUM
2026-06-16 00:00:00,BANDHANBNK.NS,BO-L,LONG,216.74,205.92,241.99,2.33,5,Banking - Private,SL_HIT,205.92,2026-06-23,SL,-4.99,7.0,1.0,LOW
2026-06-16 00:00:00,CREDITACC.NS,BO-L,LONG,1407.5,1342.59,1558.95,2.33,5,NBFC,TP_HIT,1558.95,2026-07-03,TP,10.76,17.0,4.0,MEDIUM
2026-06-16 00:00:00,FOSECOIND.NS,BO-L,LONG,5239.4,4957.71,5896.69,2.33,5,Basic Materials,EXPIRED,5107.0,2026-07-18,EXPIRED,-2.53,32.0,4.0,MEDIUM
2026-06-16 00:00:00,GENUSPOWER.NS,BO-L,LONG,328.9,310.75,371.25,2.33,5,Industrials,SL_HIT,310.75,2026-06-30,SL,-5.52,14.0,7.0,HIGH
2026-06-16 00:00:00,GNFC.NS,BO-L,LONG,536.05,510.34,596.05,2.33,5,Chemicals,TP_HIT,596.05,2026-06-22,TP,11.19,6.0,5.0,MEDIUM
2026-06-16 00:00:00,HARSHA.NS,BO-L,LONG,436.7,411.54,495.4,2.33,5,Industrials,SL_HIT,411.54,2026-06-29,SL,-5.76,13.0,5.0,MEDIUM
2026-06-16 00:00:00,KPIL.NS,BO-L,LONG,1365.7,1297.01,1525.98,2.33,5,Infrastructure,SL_HIT,1297.01,2026-07-14,SL,-5.03,28.0,8.0,HIGH
2026-06-16 00:00:00,LLOYDSENGG.NS,BO-L,LONG,79.94,74.31,93.07,2.33,5,Industrials,TP_HIT,93.07,2026-07-13,TP,16.42,27.0,5.0,MEDIUM
2026-06-16 00:00:00,MMTC.NS,BO-L,LONG,75.74,70.65,87.62,2.33,5,Industrials,SL_HIT,70.65,2026-06-25,SL,-6.72,9.0,9.0,HIGH
2026-06-16 00:00:00,NAZARA.NS,BO-L,LONG,301.15,285.9,336.74,2.33,5,Consumer & FMCG,EXPIRED,308.05,2026-07-18,EXPIRED,2.29,32.0,6.0,MEDIUM
2026-06-16 00:00:00,PREMEXPLN.NS,BO-L,LONG,737.8,673.48,887.89,2.33,5,Basic Materials,SL_HIT,673.48,2026-07-13,SL,-8.72,27.0,5.0,MEDIUM
2026-06-16 00:00:00,PYRAMID.NS,BO-L,LONG,173.33,162.06,199.62,2.33,5,Consumer Cyclical,DATA_ERROR,,2026-06-17,PRICE_MISMATCH_0.23x,,1.0,4.0,MEDIUM
2026-06-16 00:00:00,RML.NS,BO-L,LONG,979.55,932.08,1090.31,2.33,5,Consumer Cyclical,DATA_ERROR,,2026-06-17,PRICE_MISMATCH_5.65x,,1.0,5.0,MEDIUM
2026-06-16 00:00:00,AADHARHFC.NS,BO-L,LONG,2047.3,1941.02,2295.28,2.33,4,Other,SL_HIT,1941.02,2026-06-17,SL,-5.19,1.0,6.0,MEDIUM
2026-06-17,PRIMESECU.NS,PB-L,LONG,292.15,274.21,334.0,2.33,7,Security Services,SL_HIT,274.21,2026-07-08,SL,-6.14,21.0,3.0,LOW
2026-06-17,BAFNAPH.NS,PB-L,LONG,156.79,140.51,194.77,2.33,6,Healthcare,TP_HIT,194.77,2026-06-29,TP,24.22,12.0,6.0,MEDIUM
2026-06-17,DATAPATTNS.NS,BO-L,LONG,4769.6,4409.84,5609.04,2.33,5,Defence & Railways,SL_HIT,4409.84,2026-06-29,SL,-7.54,12.0,8.0,HIGH
2026-06-17,E2E.NS,BO-L,LONG,1130.3,1070.17,1270.6,2.33,5,Technology,DATA_ERROR,,2026-06-18,PRICE_MISMATCH_2.93x,,1.0,2.0,LOW
2026-06-17,GOLDIAM.NS,BO-L,LONG,500.0,463.74,584.62,2.33,5,Consumer Cyclical,SL_HIT,463.74,2026-06-24,SL,-7.25,7.0,5.0,MEDIUM
2026-06-17,KANORICHEM.NS,BO-L,LONG,109.51,101.27,128.73,2.33,5,Basic Materials,TP_HIT,128.73,2026-06-23,TP,17.55,6.0,1.0,LOW
2026-06-17,LLOYDSENT.NS,BO-L,LONG,75.61,70.48,87.58,2.33,5,Basic Materials,SL_HIT,70.48,2026-07-08,SL,-6.78,21.0,4.0,MEDIUM
2026-06-17,LMW.NS,BO-L,LONG,16410.0,15706.68,18051.09,2.33,5,Industrials,SL_HIT,15706.68,2026-06-30,SL,-4.29,13.0,5.0,MEDIUM
2026-06-17,MTARTECH.NS,BO-L,LONG,8319.0,7494.39,10243.09,2.33,5,Industrials,SL_HIT,7494.39,2026-06-30,SL,-9.91,13.0,7.0,HIGH
2026-06-17,POLYCAB.NS,BO-L,LONG,9926.5,9595.18,10699.59,2.33,5,Capital Goods,SL_HIT,9595.18,2026-06-25,SL,-3.34,8.0,8.0,HIGH
2026-06-17,PYRAMID.NS,BO-L,LONG,765.95,702.11,914.92,2.33,5,Consumer Cyclical,DATA_ERROR,,2026-06-18,PRICE_MISMATCH_4.34x,,1.0,4.0,MEDIUM
2026-06-17,QPOWER.NS,BO-L,LONG,1726.7,1642.65,1922.81,2.33,5,Industrials,DATA_ERROR,,2026-06-18,PRICE_MISMATCH_1.38x,,1.0,7.0,HIGH
2026-06-17,RICOAUTO.NS,BO-L,LONG,143.29,132.69,168.02,2.33,5,Consumer Cyclical,SL_HIT,132.69,2026-06-29,SL,-7.4,12.0,4.0,MEDIUM
2026-06-17,RML.NS,BO-L,LONG,176.49,165.55,202.01,2.33,5,Consumer Cyclical,DATA_ERROR,,2026-06-18,PRICE_MISMATCH_0.18x,,1.0,5.0,MEDIUM
2026-06-17,WALCHANNAG.NS,BO-L,LONG,280.05,255.22,337.98,2.33,5,Industrials,SL_HIT,255.22,2026-07-01,SL,-8.87,14.0,3.0,LOW
2026-06-17,VBL.NS,BO-L,LONG,544.05,523.81,591.28,2.33,4,Consumer & FMCG,SL_HIT,523.81,2026-06-22,SL,-3.72,5.0,5.0,MEDIUM
2026-06-18,DIVISLAB.NS,PB-L,LONG,6767.0,6547.48,7279.2,2.33,6,Pharma - Large Cap,SL_HIT,6547.48,2026-06-29,SL,-3.24,11.0,6.0,MEDIUM
2026-06-18,JBCHEPHARM.NS,PB-L,LONG,2198.5,2116.61,2389.57,2.33,6,Pharma,TP_HIT,2389.57,2026-07-06,TP,8.69,18.0,4.0,MEDIUM
2026-06-18,AVL.NS,BO-L,LONG,617.45,582.87,698.15,2.33,5,Consumer Cyclical,TP_HIT,698.15,2026-06-25,TP,13.07,7.0,5.0,MEDIUM
2026-06-18,BOSCHLTD.NS,BO-L,LONG,40035.0,38408.8,43829.46,2.33,5,Auto Ancillaries,EXPIRED,41110.0,2026-07-18,EXPIRED,2.69,30.0,6.0,MEDIUM
2026-06-18,FAZE3Q.NS,BO-L,LONG,582.5,547.91,663.2,2.33,5,Consumer Cyclical,EXPIRED,565.35,2026-07-18,EXPIRED,-2.94,30.0,4.0,MEDIUM
2026-06-18,FINCABLES.NS,BO-L,LONG,1158.6,1081.41,1338.7,2.33,5,Industrials,SL_HIT,1081.41,2026-07-07,SL,-6.66,19.0,1.0,LOW
2026-06-18,FINEORG.NS,BO-L,LONG,5150.9,4930.0,5666.34,2.33,5,Chemicals,SL_HIT,4930.0,2026-07-08,SL,-4.29,20.0,4.0,MEDIUM
2026-06-18,FLUOROCHEM.NS,BO-L,LONG,3837.5,3666.63,4236.2,2.33,5,Chemicals,EXPIRED,4144.9,2026-07-18,EXPIRED,8.01,30.0,3.0,LOW
2026-06-18,GODREJIND.NS,BO-L,LONG,1111.2,1042.6,1271.27,2.33,5,Real Estate,TP_HIT,1271.27,2026-07-10,TP,14.41,22.0,3.0,LOW
2026-06-18,INGERRAND.NS,BO-L,LONG,4714.1,4491.19,5234.23,2.33,5,Industrials,SL_HIT,4491.19,2026-06-25,SL,-4.73,7.0,7.0,HIGH
2026-06-18,NIBE.NS,BO-L,LONG,1748.4,1604.77,2083.55,2.33,5,Industrials,SL_HIT,1604.77,2026-06-29,SL,-8.21,11.0,1.0,LOW
2026-06-18,NIVABUPA.NS,BO-L,LONG,87.09,83.15,96.28,2.33,5,Financial Services,EXPIRED,86.72,2026-07-18,EXPIRED,-0.42,30.0,4.0,MEDIUM
2026-06-18,NYKAA.NS,BO-L,LONG,298.1,285.35,327.86,2.33,5,Consumer & FMCG,TP_HIT,327.86,2026-07-10,TP,9.98,22.0,8.0,HIGH
2026-06-18,OLECTRA.NS,BO-L,LONG,1446.6,1356.52,1656.78,2.33,5,Power & Renewables,SL_HIT,1356.52,2026-07-17,SL,-6.23,29.0,4.0,MEDIUM
2026-06-18,RADICO.NS,BO-L,LONG,3690.0,3552.44,4010.98,2.33,5,Consumer & FMCG,TP_HIT,4010.98,2026-07-06,TP,8.7,18.0,7.0,HIGH
2026-06-18,SHRIPISTON.NS,BO-L,LONG,3807.2,3615.88,4253.62,2.33,5,Other,TP_HIT,4253.62,2026-07-01,TP,11.73,13.0,5.0,MEDIUM
2026-06-18,STEELXIND.NS,BO-L,LONG,13.05,11.95,15.61,2.33,5,Basic Materials,SL_HIT,11.95,2026-07-08,SL,-8.43,20.0,6.0,MEDIUM
2026-06-18,YESBANK.NS,BO-L,LONG,25.48,24.35,28.11,2.33,5,Financial Services,SL_HIT,24.35,2026-06-30,SL,-4.43,12.0,4.0,MEDIUM
2026-06-18,ZFCVINDIA.NS,BO-L,LONG,15581.0,14904.75,17158.92,2.33,5,Consumer Cyclical,DATA_ERROR,,2026-06-25,PRICE_MISMATCH_6.00x,,7.0,6.0,MEDIUM
2026-06-18,RRKABEL.NS,BO-L,LONG,2296.2,2158.23,2618.13,2.33,4,Electronics & EMS,EXPIRED,2403.9,2026-07-18,EXPIRED,4.69,30.0,8.0,HIGH
2026-06-19,IKS.NS,PB-L,LONG,1675.2,1596.61,1858.58,2.33,7,Healthcare,TP_HIT,1858.58,2026-07-02,TP,10.95,13.0,7.0,HIGH
2026-06-19,AAREYDRUGS.NS,PB-L,LONG,83.6,77.23,98.47,2.33,6,Healthcare,SL_HIT,77.23,2026-07-16,SL,-7.62,27.0,4.0,MEDIUM
2026-06-19,CONFIPET.NS,PB-L,LONG,70.44,63.4,86.87,2.33,6,Energy,OPEN,,,,,,1.0,LOW
2026-06-19,MANAPPURAM.NS,PB-L,LONG,318.65,303.9,353.06,2.33,6,NBFC,OPEN,,,,,,0.0,LOW
2026-06-19,PTCIL.NS,PB-L,LONG,18333.0,17250.57,20858.67,2.33,6,Industrials,SL_HIT,17250.57,2026-06-29,SL,-5.9,10.0,6.0,MEDIUM
2026-06-19,ADOR.NS,BO-L,LONG,1216.4,1157.52,1353.78,2.33,5,Industrials,TP_HIT,1353.78,2026-07-03,TP,11.29,14.0,4.0,MEDIUM
2026-06-19,ANANDRATHI.NS,BO-L,LONG,1867.5,1800.27,2024.37,2.33,5,Financial Services,TP_HIT,2024.37,2026-06-30,TP,8.4,11.0,6.0,MEDIUM
2026-06-19,BHARATGEAR.NS,BO-L,LONG,137.05,127.55,159.21,2.33,5,Consumer Cyclical,SL_HIT,127.55,2026-06-29,SL,-6.93,10.0,5.0,MEDIUM
2026-06-19,BHEL.NS,BO-L,LONG,414.35,393.7,462.53,2.33,5,Defence & Railways,SL_HIT,393.7,2026-07-03,SL,-4.98,14.0,6.0,MEDIUM
2026-06-19,CALSOFT.NS,BO-L,LONG,25.43,23.58,29.75,2.34,5,Technology,SL_HIT,23.58,2026-06-25,SL,-7.27,6.0,6.0,MEDIUM
2026-06-19,CERA.NS,BO-L,LONG,6448.0,6146.04,7152.58,2.33,5,Cement & Materials,SL_HIT,6146.04,2026-07-13,SL,-4.68,24.0,5.0,MEDIUM
2026-06-19,GABRIEL.NS,BO-L,LONG,1197.4,1125.07,1366.16,2.33,5,Auto Ancillaries,TP_HIT,1366.16,2026-07-16,TP,14.09,27.0,4.0,MEDIUM
2026-06-19,HAPPYFORGE.NS,BO-L,LONG,1465.0,1386.07,1649.17,2.33,5,Industrials,OPEN,,,,,,5.0,MEDIUM
2026-06-19,JBMA.NS,BO-L,LONG,727.3,686.11,823.42,2.33,5,Auto Ancillaries,SL_HIT,686.11,2026-06-29,SL,-5.66,10.0,3.0,LOW
2026-06-19,PARACABLES.NS,BO-L,LONG,73.06,66.34,88.73,2.33,5,Technology,SL_HIT,66.34,2026-06-23,SL,-9.2,4.0,4.0,MEDIUM
2026-06-19,PGIL.NS,BO-L,LONG,1793.5,1689.4,2036.41,2.33,5,Consumer Cyclical,TP_HIT,2036.41,2026-06-24,TP,13.54,5.0,7.0,HIGH
2026-06-19,PSPPROJECT.NS,BO-L,LONG,969.1,902.95,1123.46,2.33,5,Infrastructure,TP_HIT,1123.46,2026-07-06,TP,15.93,17.0,5.0,MEDIUM
2026-06-19,RATNAMANI.NS,BO-L,LONG,2770.9,2625.47,3110.23,2.33,5,Metals & Mining,SL_HIT,2625.47,2026-06-29,SL,-5.25,10.0,5.0,MEDIUM
2026-06-19,RBLBANK.NS,BO-L,LONG,378.85,363.18,415.42,2.33,5,Banking - Private,SL_HIT,363.18,2026-06-29,SL,-4.14,10.0,2.0,LOW
2026-06-19,SWARAJENG.NS,BO-L,LONG,3927.6,3813.03,4194.92,2.33,5,Auto Ancillaries,SL_HIT,3813.03,2026-07-06,SL,-2.92,17.0,7.0,HIGH
2026-06-19,TIIL.NS,BO-L,LONG,2616.7,2483.15,2928.3,2.33,5,Industrials,SL_HIT,2483.15,2026-07-01,SL,-5.1,12.0,6.0,MEDIUM
2026-06-19,TVSSCS.NS,BO-L,LONG,140.31,131.37,161.16,2.33,5,Industrials,SL_HIT,131.37,2026-06-25,SL,-6.37,6.0,5.0,MEDIUM
2026-06-19,VINDHYATEL.NS,BO-L,LONG,2374.1,2149.76,2897.57,2.33,5,Industrials,SL_HIT,2149.76,2026-06-23,SL,-9.45,4.0,3.0,LOW
2026-06-22,FACT.NS,PB-L,LONG,906.25,842.6,1054.77,2.33,7,Basic Materials,SL_HIT,842.6,2026-07-08,SL,-7.02,16.0,3.0,LOW
2026-06-22,ADVENZYMES.NS,PB-L,LONG,374.95,355.25,420.92,2.33,7,Basic Materials,SL_HIT,355.25,2026-06-25,SL,-5.25,3.0,5.0,MEDIUM
2026-06-22,IMPAL.NS,PB-L,LONG,1099.4,1041.34,1234.88,2.33,6,Consumer Cyclical,TP_HIT,1234.88,2026-07-07,TP,12.32,15.0,3.0,LOW
2026-06-22,LLOYDSME.NS,PB-L,LONG,1785.6,1709.3,1963.64,2.33,6,Basic Materials,SL_HIT,1709.3,2026-06-24,SL,-4.27,2.0,5.0,MEDIUM
2026-06-22,INOXINDIA.NS,BO-L,LONG,2040.9,1879.62,2417.23,2.33,5,Industrials,SL_HIT,1879.62,2026-06-25,SL,-7.9,3.0,7.0,HIGH
2026-06-22,SANGHVIMOV.NS,BO-L,LONG,436.7,407.42,505.01,2.33,5,Industrials,SL_HIT,407.42,2026-06-25,SL,-6.7,3.0,7.0,HIGH
2026-06-22,MEDANTA.NS,BO-L,LONG,1288.1,1234.62,1412.88,2.33,5,Healthcare,OPEN,,,,,,6.0,MEDIUM
2026-06-22,UNIVCABLES.NS,BO-L,LONG,1348.9,1221.29,1646.66,2.33,5,Industrials,SL_HIT,1221.29,2026-06-25,SL,-9.46,3.0,5.0,MEDIUM
2026-06-22,ZYDUSWELL.NS,BO-L,LONG,536.55,508.93,600.99,2.33,5,Consumer Defensive,SL_HIT,508.93,2026-06-25,SL,-5.15,3.0,6.0,MEDIUM
2026-06-22,ABCAPITAL.NS,BO-L,LONG,391.95,375.28,430.84,2.33,5,NBFC,OPEN,,,,,,3.0,LOW
2026-06-22,AETHER.NS,BO-L,LONG,1226.8,1158.03,1387.27,2.33,5,Basic Materials,TP_HIT,1387.27,2026-06-29,TP,13.08,7.0,6.0,MEDIUM
2026-06-22,AURUM.NS,BO-L,LONG,208.25,197.21,234.01,2.33,5,Real Estate,TP_HIT,234.01,2026-06-30,TP,12.37,8.0,5.0,MEDIUM
2026-06-22,CANFINHOME.NS,BO-L,LONG,892.4,860.83,966.06,2.33,5,NBFC,SL_HIT,860.83,2026-06-29,SL,-3.54,7.0,6.0,MEDIUM
2026-06-22,CENTENKA.NS,BO-L,LONG,544.4,512.52,618.78,2.33,5,Consumer Cyclical,SL_HIT,512.52,2026-06-29,SL,-5.86,7.0,6.0,MEDIUM
2026-06-22,EDELWEISS.NS,BO-L,LONG,130.28,122.89,147.52,2.33,5,Financial Services,SL_HIT,122.89,2026-06-25,SL,-5.67,3.0,4.0,MEDIUM
2026-06-22,ENDURANCE.NS,BO-L,LONG,2682.9,2563.5,2961.49,2.33,5,Auto Ancillaries,SL_HIT,2563.5,2026-07-02,SL,-4.45,10.0,7.0,HIGH
2026-06-22,GLOSTERLTD.NS,BO-L,LONG,711.4,681.7,780.7,2.33,5,Consumer Cyclical,SL_HIT,681.7,2026-07-06,SL,-4.17,14.0,4.0,MEDIUM
2026-06-22,INOXGREEN.NS,BO-L,LONG,205.11,193.11,233.12,2.33,5,Electronics & EMS,SL_HIT,193.11,2026-07-08,SL,-5.85,16.0,5.0,MEDIUM
2026-06-22,KDDL.NS,BO-L,LONG,3164.4,2955.44,3651.98,2.33,5,Consumer Cyclical,OPEN,,,,,,6.0,MEDIUM
2026-06-22,KICL.NS,BO-L,LONG,5391.5,5167.17,5914.93,2.33,5,Financial Services,OPEN,,,,,,2.0,LOW
2026-06-22,LOKESHMACH.NS,BO-L,LONG,283.55,264.88,327.12,2.33,5,Industrials,SL_HIT,264.88,2026-06-30,SL,-6.58,8.0,2.0,LOW
2026-06-22,MANKIND.NS,BO-L,LONG,2538.3,2440.95,2765.45,2.33,5,Pharma - Large Cap,OPEN,,,,,,6.0,MEDIUM
2026-06-22,MARINE.NS,BO-L,LONG,269.9,249.92,316.52,2.33,5,Industrials,SL_HIT,249.92,2026-07-08,SL,-7.4,16.0,9.0,HIGH
2026-06-22,MAWANASUG.NS,BO-L,LONG,114.6,108.09,129.79,2.33,5,Consumer Defensive,SL_HIT,108.09,2026-06-25,SL,-5.68,3.0,3.0,LOW
2026-06-22,MMP.NS,BO-L,LONG,290.05,270.31,336.1,2.33,5,Basic Materials,SL_HIT,270.31,2026-06-29,SL,-6.81,7.0,3.0,LOW
2026-06-22,NINSYS.NS,BO-L,LONG,752.65,693.45,890.78,2.33,5,Technology,TP_HIT,890.78,2026-07-03,TP,18.35,11.0,8.0,HIGH
2026-06-22,PRIVISCL.NS,BO-L,LONG,3655.8,3493.98,4033.38,2.33,5,Basic Materials,OPEN,,,,,,9.0,HIGH
2026-06-22,SANSTAR.NS,BO-L,LONG,124.27,115.75,144.16,2.33,5,Basic Materials,SL_HIT,115.75,2026-07-07,SL,-6.86,15.0,5.0,MEDIUM
2026-06-22,SCHNEIDER.NS,BO-L,LONG,1395.5,1291.92,1637.18,2.33,5,Industrials,SL_HIT,1291.92,2026-07-17,SL,-7.42,25.0,5.0,MEDIUM
2026-06-22,SFL.NS,BO-L,LONG,741.75,704.26,829.23,2.33,5,Consumer Cyclical,OPEN,,,,,,6.0,MEDIUM
2026-06-22,SMARTLINK.NS,BO-L,LONG,176.83,165.46,203.35,2.33,5,Technology,TP_HIT,203.35,2026-07-16,TP,15.0,24.0,8.0,HIGH
2026-06-22,SPLPETRO.NS,BO-L,LONG,774.85,735.18,867.42,2.33,5,Basic Materials,SL_HIT,735.18,2026-06-29,SL,-5.12,7.0,4.0,MEDIUM
2026-06-22,TATACOMM.NS,BO-L,LONG,2061.7,1943.93,2336.49,2.33,5,Telecom & Media,SL_HIT,1943.93,2026-07-01,SL,-5.71,9.0,5.0,MEDIUM
2026-06-22,TRITURBINE.NS,BO-L,LONG,737.3,687.53,853.43,2.33,5,Industrials,SL_HIT,687.53,2026-06-24,SL,-6.75,2.0,5.0,MEDIUM
2026-06-22,TVSSRICHAK.NS,BO-L,LONG,4250.7,4039.76,4742.89,2.33,5,Consumer Cyclical,OPEN,,,,,,6.0,MEDIUM
2026-06-22,VIYASH.NS,BO-L,LONG,271.2,254.23,310.79,2.33,5,Healthcare,OPEN,,,,,,5.0,MEDIUM
2026-06-23,BANSWRAS.NS,PB-L,LONG,131.51,120.63,156.89,2.33,6,Consumer Cyclical,SL_HIT,120.63,2026-07-08,SL,-8.27,15.0,4.0,MEDIUM
2026-06-23,JAGSNPHARM.NS,BO-L,LONG,231.91,220.38,258.8,2.33,5,Healthcare,SL_HIT,220.38,2026-06-25,SL,-4.97,2.0,6.0,MEDIUM
2026-06-23,JSWINFRA.NS,BO-L,LONG,314.95,300.52,348.61,2.33,5,Infrastructure,TP_HIT,348.61,2026-07-13,TP,10.69,20.0,6.0,MEDIUM
2026-06-23,KAJARIACER.NS,BO-L,LONG,1193.1,1150.32,1292.91,2.33,5,Industrials,OPEN,,,,,,7.0,HIGH
2026-06-23,LAURUSLABS.NS,BO-L,LONG,1481.0,1424.73,1612.29,2.33,5,Pharma,OPEN,,,,,,8.0,HIGH
2026-06-23,NEULANDLAB.NS,BO-L,LONG,18102.0,17251.68,20086.08,2.33,5,Healthcare,TP_HIT,20086.08,2026-07-09,TP,10.96,16.0,5.0,MEDIUM
2026-06-23,ORBTEXP.NS,BO-L,LONG,249.63,225.79,305.26,2.33,5,Consumer Cyclical,SL_HIT,225.79,2026-06-29,SL,-9.55,6.0,3.0,LOW
2026-06-23,SANSERA.NS,BO-L,LONG,3120.6,2959.56,3496.36,2.33,5,Consumer Cyclical,OPEN,,,,,,6.0,MEDIUM
2026-06-23,SBCL.NS,BO-L,LONG,776.3,722.1,902.77,2.33,5,Industrials,SL_HIT,722.1,2026-07-07,SL,-6.98,14.0,6.0,MEDIUM
2026-06-23,SHILPAMED.NS,BO-L,LONG,591.15,549.64,688.0,2.33,5,Healthcare,OPEN,,,,,,4.0,MEDIUM
2026-06-23,SHYAMTEL.NS,BO-L,LONG,20.95,19.96,23.25,2.32,5,Technology,SL_HIT,19.96,2026-06-30,SL,-4.73,7.0,1.0,LOW
2026-06-23,SRM.NS,BO-L,LONG,527.55,494.97,603.56,2.33,5,Industrials,SL_HIT,494.97,2026-07-07,SL,-6.18,14.0,7.0,HIGH
2026-06-23,TINNARUBR.NS,BO-L,LONG,943.7,880.34,1091.55,2.33,5,Basic Materials,OPEN,,,,,,5.0,MEDIUM
2026-06-23,UMIYA-MRO.NS,BO-L,LONG,92.89,86.84,107.01,2.33,5,Real Estate,OPEN,,,,,,8.0,HIGH
2026-06-23,AGARWALEYE.NS,BO-L,LONG,476.6,455.34,526.21,2.33,4,Healthcare,OPEN,,,,,,6.0,MEDIUM
2026-06-23,CARRARO.NS,BO-L,LONG,591.85,558.2,670.37,2.33,4,Consumer Cyclical,SL_HIT,558.2,2026-06-25,SL,-5.69,2.0,10.0,HIGH
2026-06-25,DIAMONDYD.NS,PB-L,LONG,1130.2,1072.76,1264.22,2.33,7,Consumer Defensive,OPEN,,,,,,6.0,MEDIUM
2026-06-25,SUVEN.NS,PB-L,LONG,267.25,243.49,322.68,2.33,7,Healthcare,TP_HIT,322.68,2026-07-03,TP,20.74,8.0,2.0,LOW
2026-06-25,SHREEPUSHK.NS,BO-L,LONG,403.15,378.34,461.03,2.33,5,Basic Materials,OPEN,,,,,,7.0,HIGH
2026-06-25,MOTHERSON.NS,BO-L,LONG,151.71,144.57,168.37,2.33,5,Auto Ancillaries,SL_HIT,144.57,2026-07-06,SL,-4.71,11.0,4.0,MEDIUM
2026-06-25,WELCORP.NS,BO-L,LONG,1455.1,1390.54,1605.75,2.33,5,Infrastructure,TP_HIT,1605.75,2026-07-09,TP,10.35,14.0,5.0,MEDIUM
2026-06-25,AUROPHARMA.NS,BO-L,LONG,1555.2,1500.17,1683.61,2.33,5,Pharma - Large Cap,OPEN,,,,,,5.0,MEDIUM
2026-06-25,MIRCELECTR.NS,BO-L,LONG,42.29,39.24,49.41,2.33,5,Consumer Cyclical,SL_HIT,39.24,2026-06-30,SL,-7.21,5.0,0.0,LOW
2026-06-25,OFSS.NS,BO-L,LONG,10974.5,10444.15,12211.99,2.33,5,IT - Large Cap,OPEN,,,,,,8.0,HIGH
2026-06-25,SHRIRAMFIN.NS,BO-L,LONG,1031.8,989.15,1131.32,2.33,4,NBFC,OPEN,,,,,,4.0,MEDIUM
2026-07-06,ABDL.NS,BO-L,LONG,696.35,661.1,778.59,2.33,5,Consumer Defensive,SL_HIT,661.1,2026-07-10,SL,-5.06,4.0,5.0,MEDIUM
2026-07-06,ADANIENSOL.NS,BO-L,LONG,1630.3,1549.01,1819.97,2.33,5,Utilities,OPEN,,,,,,4.0,MEDIUM
2026-07-06,DIACABS.NS,BO-L,LONG,218.77,204.02,253.18,2.33,5,Industrials,OPEN,,,,,,6.0,MEDIUM
2026-07-06,MIRCELECTR.NS,BO-L,LONG,44.36,41.41,51.25,2.34,5,Consumer Cyclical,OPEN,,,,,,0.0,LOW
2026-07-06,GHCLTEXTIL.NS,BO-L,LONG,109.1,102.69,124.05,2.33,5,Consumer Cyclical,OPEN,,,,,,5.0,MEDIUM
2026-07-06,GINNIFILA.NS,BO-L,LONG,56.7,52.34,66.88,2.33,5,Consumer Cyclical,SL_HIT,52.34,2026-07-07,SL,-7.69,1.0,9.0,HIGH
2026-07-06,IVP.NS,BO-L,LONG,177.5,166.9,202.23,2.33,5,Basic Materials,SL_HIT,166.9,2026-07-08,SL,-5.97,2.0,7.0,HIGH
2026-07-06,METROPOLIS.NS,BO-L,LONG,569.3,539.74,638.28,2.33,5,Healthcare,OPEN,,,,,,7.0,HIGH
2026-07-06,MOSCHIP.NS,BO-L,LONG,231.92,218.93,262.22,2.33,5,Technology,OPEN,,,,,,6.0,MEDIUM
2026-07-06,SPARC.NS,BO-L,LONG,258.34,240.98,298.84,2.33,5,Healthcare,SL_HIT,240.98,2026-07-17,SL,-6.72,11.0,8.0,HIGH
2026-07-06,SUYOG.NS,BO-L,LONG,905.0,846.49,1041.51,2.33,5,Communication Services,SL_HIT,846.49,2026-07-17,SL,-6.47,11.0,6.0,MEDIUM
2026-07-06,VERANDA.NS,BO-L,LONG,256.57,240.59,293.85,2.33,5,Consumer Defensive,SL_HIT,240.59,2026-07-08,SL,-6.23,2.0,8.0,HIGH
2026-07-06,VISAKAIND.NS,BO-L,LONG,83.5,78.88,94.28,2.33,5,Industrials,SL_HIT,78.88,2026-07-08,SL,-5.53,2.0,6.0,MEDIUM
2026-07-06,CHOLAFIN.NS,BO-L,LONG,1830.2,1764.01,1984.64,2.33,4,NBFC,SL_HIT,1764.01,2026-07-08,SL,-3.62,2.0,6.0,MEDIUM
2026-07-06,PONNIERODE.NS,PB-L,LONG,318.7,303.89,353.25,2.33,7,Consumer Defensive,OPEN,,,,,,4.0,MEDIUM
2026-07-06,RBLBANK.NS,PB-L,LONG,368.6,353.89,402.93,2.33,6,Banking - Private,OPEN,,,,,,2.0,LOW
2026-07-06,GRANULES.NS,BO-L,LONG,854.2,818.58,937.3,2.33,5,Pharma,OPEN,,,,,,5.0,MEDIUM
2026-07-06,HMVL.NS,BO-L,LONG,90.2,85.06,102.18,2.33,5,Communication Services,OPEN,,,,,,4.0,MEDIUM
2026-07-06,INDUSINDBK.NS,BO-L,LONG,1009.8,973.45,1094.61,2.33,5,Banking - Private,OPEN,,,,,,2.0,LOW
2026-07-06,DELHIVERY.NS,BO-L,LONG,519.65,497.83,570.55,2.33,5,Logistics,SL_HIT,497.83,2026-07-15,SL,-4.2,9.0,5.0,MEDIUM
2026-07-06,FILATEX.NS,BO-L,LONG,58.78,55.56,66.28,2.33,5,Consumer Cyclical,TP_HIT,66.28,2026-07-13,TP,12.76,7.0,4.0,MEDIUM
2026-07-06,PNBHOUSING.NS,BO-L,LONG,1089.8,1049.13,1184.7,2.33,5,NBFC,OPEN,,,,,,4.0,MEDIUM
2026-07-06,SARLAPOLY.NS,BO-L,LONG,107.08,101.8,119.4,2.33,5,Consumer Cyclical,SL_HIT,101.8,2026-07-08,SL,-4.93,2.0,2.0,LOW
2026-07-06,SUMEETINDS.NS,BO-L,LONG,31.06,29.15,35.52,2.34,5,Consumer Cyclical,OPEN,,,,,,3.0,LOW
2026-07-06,ZYDUSLIFE.NS,BO-L,LONG,1147.9,1111.95,1231.78,2.33,5,Pharma - Large Cap,OPEN,,,,,,4.0,MEDIUM
